store_view_code,identifier,title,page_layout,content
luma_nl_nl,home,NL - Home Page,cms-full-width,"<div data-content-type=""row"" data-appearance=""full-bleed"" data-enable-parallax=""0"" data-parallax-speed=""0.5"" data-background-images=""{}"" data-background-type=""image"" data-video-loop=""true"" data-video-play-only-visible=""true"" data-video-lazy-load=""true"" data-video-fallback-src="""" data-element=""main"" style=""justify-content: flex-start; display: flex; flex-direction: column; background-position: left top; background-size: cover; background-repeat: no-repeat; background-attachment: scroll; border-style: none; border-width: 1px; border-radius: 0px; margin: 0px; padding: 0px;""><div data-content-type=""dynamic_block"" data-appearance=""default"" data-element=""main"" style=""border-style: none; border-width: 1px; border-radius: 0px; margin: 0px; padding: 0px;"">{{widget type=""Magento\Banner\Block\Widget\Banner"" display_mode=""fixed"" rotate="""" template=""widget/block.phtml"" banner_ids=""{{dynamicblock name=""HP - Not Logged In""}}"" unique_id=""{{dynamicblock name=""HP - Not Logged In""}}"" type_name=""Dynamic Blocks Rotator""}}</div><div data-content-type=""dynamic_block"" data-appearance=""default"" data-element=""main"" style=""border-style: none; border-width: 1px; border-radius: 0px; margin: 0px; padding: 0px;"">{{widget type=""Magento\Banner\Block\Widget\Banner"" display_mode=""fixed"" rotate="""" template=""widget/block.phtml"" banner_ids=""{{dynamicblock name=""HP - Runner""}}"" unique_id=""{{dynamicblock name=""HP - Runner""}}"" type_name=""Dynamic Blocks Rotator""}}</div><div data-content-type=""dynamic_block"" data-appearance=""default"" data-element=""main"" style=""border-style: none; border-width: 1px; border-radius: 0px; margin: 0px; padding: 0px;"">{{widget type=""Magento\Banner\Block\Widget\Banner"" display_mode=""fixed"" rotate="""" template=""widget/block.phtml"" banner_ids=""{{dynamicblock name=""HP - Yoga""}}"" unique_id=""{{dynamicblock name=""HP - Yoga""}}"" type_name=""Dynamic Blocks Rotator""}}</div><div data-content-type=""dynamic_block"" data-appearance=""default"" data-element=""main"" style=""border-style: none; border-width: 1px; border-radius: 0px; margin: 0px; padding: 0px;"">{{widget type=""Magento\Banner\Block\Widget\Banner"" display_mode=""fixed"" rotate="""" template=""widget/block.phtml"" banner_ids=""{{dynamicblock name=""HP - VIP""}}"" unique_id=""{{dynamicblock name=""HP - VIP""}}"" type_name=""Dynamic Blocks Rotator""}}</div></div><div data-content-type=""row"" data-appearance=""contained"" data-element=""main""><div data-enable-parallax=""0"" data-parallax-speed=""0.5"" data-background-images=""{\&quot;desktop_image\&quot;:\&quot;{{media url=wysiwyg/AdobeStock_330497250_result.jpg}}\&quot;}"" data-background-type=""image"" data-video-loop=""true"" data-video-play-only-visible=""true"" data-video-lazy-load=""true"" data-video-fallback-src="""" data-element=""inner"" style=""justify-content: center; display: flex; flex-direction: column; background-position: right bottom; background-size: cover; background-repeat: no-repeat; background-attachment: scroll; text-align: center; border-style: none; border-width: 1px; border-radius: 0px; min-height: 40vh; margin: 40px 0px 10px; padding: 10px;""><div data-content-type=""text"" data-appearance=""default"" data-element=""main"" style=""border-style: none; border-width: 1px; border-radius: 0px; margin: 0px; padding: 0px;""><p style=""color: #ffffff; font-size: 40px; font-weight: bold;"">Gratis frakt. Gratis retur.</p></div></div></div>"
luma_nl_nl,enable-cookies,Enable Cookies,1column,"<div data-content-type=""row"" data-appearance=""contained"" data-element=""main""><div data-enable-parallax=""0"" data-parallax-speed=""0.5"" data-background-images=""{}"" data-background-type=""image"" data-video-loop=""true"" data-video-play-only-visible=""true"" data-video-lazy-load=""true"" data-video-fallback-src="""" data-element=""inner"" style=""justify-content: flex-start; display: flex; flex-direction: column; background-position: left top; background-size: cover; background-repeat: no-repeat; background-attachment: scroll; border-style: none; border-width: 1px; border-radius: 0px; margin: 0px 0px 10px; padding-top: 10px; padding-bottom: 10px;""><div class=""pagebuilder-column-group"" style=""display: flex;"" data-content-type=""column-group"" data-grid-size=""12"" data-element=""main""><div class=""pagebuilder-column"" data-content-type=""column"" data-appearance=""full-height"" data-background-images=""{}"" data-element=""main"" style=""justify-content: flex-start; display: flex; flex-direction: column; background-position: left top; background-size: cover; background-repeat: no-repeat; background-attachment: scroll; border-style: none; border-width: 1px; border-radius: 0px; width: 58.3333%; margin: 0px; padding: 0px; align-self: stretch;""><h1 data-content-type=""heading"" data-appearance=""default"" data-element=""main"" style=""border-style: none; border-width: 1px; border-radius: 0px;"">Wat zijn Cookies?</h1><div data-content-type=""text"" data-appearance=""default"" data-element=""main"" style=""border-style: none; border-width: 1px; border-radius: 0px; margin: 0px; padding: 0px;""><div class=""enable-cookies cms-content"">
<p>""Cookies"" zijn kleine stukjes gegevens die we verzenden wanneer u onze winkel bezoekt. Cookies helpen ons om u beter te leren kennen en uw ervaring te personaliseren. Bovendien helpen ze u en andere kopers tegen fraude te beschermen.</p>
<p>Stel uw browser in om cookies te accepteren, zodat u artikelen kunt kopen, artikelen kunt opslaan en aangepaste aanbevelingen kunt ontvangen. Hier is hoe:</p>
<ul>
<li><a tabindex=""0"" href=""https://support.google.com/accounts/answer/61416?hl=en"" target=""_blank"" rel=""noopener"">Google Chrome</a></li>
<li><a tabindex=""0"" href=""http://windows.microsoft.com/en-us/internet-explorer/delete-manage-cookies"" target=""_blank"" rel=""noopener"">Internet Explorer</a></li>
<li><a tabindex=""0"" href=""http://support.apple.com/kb/PH19214"" target=""_blank"" rel=""noopener"">Safari</a></li>
<li><a tabindex=""0"" href=""https://support.mozilla.org/en-US/kb/enable-and-disable-cookies-website-preferences"" target=""_blank"" rel=""noopener"">Mozilla/Firefox</a></li>
</ul>
</div></div></div><div class=""pagebuilder-column"" data-content-type=""column"" data-appearance=""full-height"" data-background-images=""{}"" data-element=""main"" style=""justify-content: flex-start; display: flex; flex-direction: column; background-position: left top; background-size: cover; background-repeat: no-repeat; background-attachment: scroll; border-style: none; border-width: 1px; border-radius: 0px; width: 41.6667%; margin: 0px; padding: 10px; align-self: stretch;""></div></div></div></div>"
luma_nl_nl,no-route,404 Not Found,cms-full-width,"<div data-content-type=""row"" data-appearance=""full-width"" data-enable-parallax=""0"" data-parallax-speed=""0.5"" data-background-images=""{\&quot;desktop_image\&quot;:\&quot;{{media url=wysiwyg/AdobeStock_296999649_result.jpg}}\&quot;}"" data-background-type=""image"" data-video-loop=""true"" data-video-play-only-visible=""true"" data-video-lazy-load=""true"" data-video-fallback-src="""" data-element=""main"" style=""justify-content: flex-start; display: flex; flex-direction: column; background-position: left center; background-size: cover; background-repeat: no-repeat; background-attachment: scroll; border-style: none; border-width: 1px; border-radius: 0px; min-height: 100vh; margin-left: 0px; margin-top: 0px; margin-right: 0px; padding: 40px 10px;""><div class=""row-full-width-inner"" data-element=""inner""><div class=""pagebuilder-column-group"" style=""display: flex;"" data-content-type=""column-group"" data-grid-size=""12"" data-element=""main""><div class=""pagebuilder-column"" data-content-type=""column"" data-appearance=""full-height"" data-background-images=""{}"" data-element=""main"" style=""justify-content: flex-start; display: flex; flex-direction: column; background-position: left top; background-size: cover; background-repeat: no-repeat; background-attachment: scroll; border-style: none; border-width: 1px; border-radius: 0px; width: 58.3333%; margin: 0px; padding: 10px; align-self: stretch;""><div data-content-type=""text"" data-appearance=""default"" data-element=""main"" style=""border-style: none; border-width: 1px; border-radius: 0px; margin: 0px; padding: 0px;""><p style=""font-size: 50px; font-weight: light; color: #ffffff;"">Stay Calm...</p></div><div data-content-type=""text"" data-appearance=""default"" data-element=""main"" style=""border-style: none; border-width: 1px; border-radius: 0px; margin: 0px; padding: 0px;""><p style=""color: #ffffff; font-weight: light;"">De pagina die u zoekt, heeft mogelijk een keer bestaan en is komt mogelijk weer beschikbaar. Voorlopig is het nergens te vinden. Gebruik onze zoekopdracht of navigatie om naar een pagina te gaan waarvan we 100% zeker zijn dat deze bestaat. Klik <a tabindex=""0"" href=""/home"">hier</a> om terug te keren naar de homepagina</p></div><div data-content-type=""buttons"" data-appearance=""inline"" data-same-width=""true"" data-element=""main"" style=""border-style: none; border-width: 1px; border-radius: 0px; margin: 0px; padding: 30px 0px 0px;""><div data-content-type=""button-item"" data-appearance=""default"" data-element=""main"" style=""display: inline-block;""><div class=""pagebuilder-button-secondary"" data-element=""empty_link"" style=""text-align: center;""><span data-element=""link_text"">Collecties</span></div></div><div data-content-type=""button-item"" data-appearance=""default"" data-element=""main"" style=""display: inline-block;""><div class=""pagebuilder-button-secondary"" data-element=""empty_link"" style=""text-align: center;""><span data-element=""link_text"">Dames</span></div></div><div data-content-type=""button-item"" data-appearance=""default"" data-element=""main"" style=""display: inline-block;""><div class=""pagebuilder-button-secondary"" data-element=""empty_link"" style=""text-align: center;""><span data-element=""link_text"">Heren</span></div></div><div data-content-type=""button-item"" data-appearance=""default"" data-element=""main"" style=""display: inline-block;""><div class=""pagebuilder-button-secondary"" data-element=""empty_link"" style=""text-align: center;""><span data-element=""link_text"">Accessoires</span></div></div></div></div><div class=""pagebuilder-column"" data-content-type=""column"" data-appearance=""full-height"" data-background-images=""{}"" data-element=""main"" style=""justify-content: flex-start; display: flex; flex-direction: column; background-position: left top; background-size: cover; background-repeat: no-repeat; background-attachment: scroll; border-style: none; border-width: 1px; border-radius: 0px; width: 41.6667%; margin: 0px; padding: 10px; align-self: stretch;""></div></div></div></div><div data-content-type=""row"" data-appearance=""contained"" data-element=""main""><div data-enable-parallax=""0"" data-parallax-speed=""0.5"" data-background-images=""{}"" data-background-type=""image"" data-video-loop=""true"" data-video-play-only-visible=""true"" data-video-lazy-load=""true"" data-video-fallback-src="""" data-element=""inner"" style=""justify-content: flex-start; display: flex; flex-direction: column; background-position: left top; background-size: cover; background-repeat: no-repeat; background-attachment: scroll; border-style: none; border-width: 1px; border-radius: 0px; margin: 50px 0px; padding: 10px;""><h2 data-content-type=""heading"" data-appearance=""default"" data-element=""main"" style=""text-align: center; border-style: none; border-width: 1px; border-radius: 0px;"">Trending</h2><div data-content-type=""products"" data-appearance=""grid"" data-element=""main"" style=""text-align: center; border-style: none; border-width: 1px; border-radius: 0px; margin: 0px; padding: 0px;"">{{widget type=""Magento\CatalogWidget\Block\Product\ProductsList"" template=""Magento_CatalogWidget::product/widget/content/grid.phtml"" anchor_text="""" id_path="""" show_pager=""0"" products_count=""5"" condition_option=""condition"" condition_option_value="""" type_name=""Catalog Products List"" conditions_encoded=""^[`1`:^[`type`:`Magento||CatalogWidget||Model||Rule||Condition||Combine`,`aggregator`:`all`,`value`:`1`,`new_child`:``^],`1--1`:^[`type`:`Magento||CatalogWidget||Model||Rule||Condition||Product`,`attribute`:`sku`,`operator`:`()`,`value`:`24-MB01,MH01,MH09,WT01,WB03,WB05`^]^]"" sort_order=""low_stock_first""}}</div></div></div>"
luma_nl_nl,privacy-policy-cookie-restriction-mode,Privacy Policy,1column,"<div data-content-type=""row"" data-appearance=""contained"" data-element=""main""><div data-enable-parallax=""0"" data-parallax-speed=""0.5"" data-background-images=""{}"" data-background-type=""image"" data-video-loop=""true"" data-video-play-only-visible=""true"" data-video-lazy-load=""true"" data-video-fallback-src="""" data-element=""inner"" style=""justify-content: flex-start; display: flex; flex-direction: column; background-position: left top; background-size: cover; background-repeat: no-repeat; background-attachment: scroll; border-style: none; border-width: 1px; border-radius: 0px; margin: 0px 0px 10px; padding: 10px 0px;""><h1 data-content-type=""heading"" data-appearance=""default"" data-element=""main"" style=""border-style: none; border-width: 1px; border-radius: 0px;"">Privacy Policy</h1><div class=""pagebuilder-column-group"" style=""display: flex;"" data-content-type=""column-group"" data-grid-size=""12"" data-element=""main""><div class=""pagebuilder-column"" data-content-type=""column"" data-appearance=""full-height"" data-background-images=""{}"" data-element=""main"" style=""justify-content: flex-start; display: flex; flex-direction: column; background-color: rgb(240, 240, 240); background-position: left top; background-size: cover; background-repeat: no-repeat; background-attachment: scroll; border-style: none; border-width: 1px; border-radius: 0px; width: 25%; margin: 0px; padding: 10px; align-self: stretch;""><div data-content-type=""text"" data-appearance=""default"" data-element=""main"" style=""border-style: none; border-width: 1px; border-radius: 0px; margin: 0px; padding: 0px;""><div id=""privacy-policy-nav-content"" class=""block-collapsible-content content block-collapsible-nav"">
<ul class=""items"">
<li class=""item current""><a tabindex=""0"" href=""#privacy-policy-title-1"">Luma Security</a></li>
<li class=""item""><a tabindex=""0"" href=""#privacy-policy-title-2"">Luma Privacy Policy</a></li>
<li class=""item""><a tabindex=""0"" href=""#privacy-policy-title-3"">Informatie Die We Verzamelen</a></li>
<li class=""item""><a tabindex=""0"" href=""#privacy-policy-title-4"">Hoe we de verzamelde informatie gebruiken</a></li>
<li class=""item""><a tabindex=""0"" href=""#privacy-policy-title-5"">Beveiliging</a></li>
<li class=""item""><a tabindex=""0"" href=""#privacy-policy-title-6"">Anderen met wie wij uw informatie delen</a></li>
<li class=""item""><a tabindex=""0"" href=""#privacy-policy-title-7"">Uw keuzes met betrekking tot het gebruik van de informatie die we verzamelen</a></li>
<li class=""item""><a tabindex=""0"" href=""#privacy-policy-title-9"">Cookies, webbakens en hoe we ze gebruiken</a></li>
<li class=""item""><a tabindex=""0"" href=""#privacy-policy-title-10"">Lijst met cookies die we verzamelen</a></li>
<li class=""item""><a tabindex=""0"" href=""#privacy-policy-title-11"">Online Account Registratie</a></li>
<li class=""item""><a tabindex=""0"" href=""#privacy-policy-title-12"">E-mails</a></li>
<li class=""item""><a tabindex=""0"" href=""#privacy-policy-title-13"">Aanvaarding</a></li>
<li class=""item""><a tabindex=""0"" href=""#privacy-policy-title-14"">Vragen voor Luma?</a></li>
</ul>
</div></div></div><div class=""pagebuilder-column"" data-content-type=""column"" data-appearance=""full-height"" data-background-images=""{}"" data-element=""main"" style=""justify-content: flex-start; display: flex; flex-direction: column; background-position: left top; background-size: cover; background-repeat: no-repeat; background-attachment: scroll; border-style: none; border-width: 1px; border-radius: 0px; width: 75%; margin: 0px; padding: 10px 10px 10px 30px; align-self: stretch;""><div data-content-type=""text"" data-appearance=""default"" data-element=""main"" style=""border-style: none; border-width: 1px; border-radius: 0px; margin: 0px; padding: 0px;""><p>Deze website (""website"") wordt beheerd door Luma Inc., waaronder Luma-winkels en Luma Private Sales. Dit privacybeleid heeft alleen betrekking op informatie die op deze website is verzameld en niet op informatie die offline door Luma is verzameld. Alle Luma-websites vallen onder dit privacybeleid.</p>
<h2 id=""privacy-policy-title-1"">Luma Security</h2>
<p>Persoonlijke informatie op de website en online creditcardtransacties worden verzonden via een beveiligde server. We doen er alles aan om uw persoonlijke gegevens te behandelen met hoge standaarden van informatiebeveiliging. We nemen passende fysieke, elektronische en administratieve stappen om de veiligheid en nauwkeurigheid te behouden van persoonlijk identificeerbare informatie die we verzamelen, inclusief het beperken van het aantal mensen dat fysieke toegang heeft tot onze databaseservers, evenals het gebruik van elektronische beveiligingssystemen en wachtwoordbeveiligingen die beschermen tegen onbevoegde toegang.</p>
<p>Onze website maakt gebruik van coderingstechnologie, zoals Secure Sockets Layer (SSL), om uw persoonlijke gegevens tijdens het datatransport te beschermen. SSL codeert bestelinformatie zoals uw naam, adres en creditcardnummer. Ons klantenservicecentrum en onze winkels werken ook via een priv�, beveiligd netwerk. Houd er rekening mee dat e-mail niet is gecodeerd en niet wordt beschouwd als een veilige manier om creditcardgegevens te verzenden.</p>
<h2 id=""privacy-policy-title-2"">Luma Privacy Policy</h2>
<p>Om ons te helpen ons doel te bereiken, het leveren van producten en diensten van de hoogste kwaliteit, gebruiken we informatie uit onze interacties met u en andere klanten, evenals van andere partijen. Omdat we uw privacy respecteren, hebben we procedures ge�mplementeerd om ervoor te zorgen dat uw persoonlijke gegevens op een veilige, beveiligde en verantwoordelijke manier worden behandeld. We hebben dit privacybeleid gepost om onze praktijken voor het verzamelen van informatie uit te leggen en de keuzes die u heeft over de manier waarop informatie wordt verzameld en gebruikt.</p>
<p>Naarmate we de Luma-website blijven ontwikkelen en profiteren van de technologische vooruitgang om de diensten die we aanbieden te verbeteren, zal dit privacybeleid waarschijnlijk veranderen. We raden u daarom aan om dit beleid regelmatig te raadplegen, zodat u ons huidige privacybeleid begrijpt.</p>
<h2 id=""privacy-policy-title-3"">Informatie Die We Verzamelen</h2>
<p>Over het algemeen kunt u door de Luma-website bladeren zonder persoonlijk identificeerbare informatie te verstrekken. We kunnen u echter op verschillende momenten en plaatsen op deze website vragen om persoonlijk identificeerbare informatie te verstrekken. In sommige gevallen, als u ervoor kiest om ons de gevraagde informatie niet te verstrekken, heeft u mogelijk geen toegang tot alle delen van deze website of kunt u niet deelnemen aan alle functies, prijzen en productselectie.</p>
<p>We kunnen de volgende informatie verzamelen:</p>
<ul>
<li>naam</li>
<li>contactgegevens inclusief e-mailadres</li>
<li>demografische informatie zoals postcode, voorkeuren en interesses</li>
<li>andere informatie die relevant is voor klantonderzoeken en / of aanbiedingen</li>
</ul>
<p>Voor de volledige lijst met cookies die we verzamelen, zie de sectie met <a tabindex=""0"" href=""#privacy-policy-title-10"">lijst van cookies die we verzamelen</a>.Uit uw aankopen en andere interacties met ons verkrijgen we informatie over de specifieke producten of diensten die u koopt of gebruikt. Wanneer u deze website bezoekt, verzamelt onze webserver automatisch anonieme informatie, zoals loggegevens en IP-adressen, en kan algemene informatie over uw locatie verzamelen. We kunnen de automatisch verzamelde informatie voor een aantal doeleinden gebruiken, zoals het verbeteren van ons site-ontwerp, productassortimenten, klantenservice en speciale aanbiedingen.</p>
<h2 id=""privacy-policy-title-4"">Hoe we de verzamelde informatie gebruiken</h2>
<p>We hebben deze informatie nodig om uw behoeften te begrijpen en u beter van dienst te kunnen zijn, en in het bijzonder om de volgende redenen:</p>
<ul>
<li>Intern bijhouden van gegevens..</li>
<li>We kunnen de informatie gebruiken om onze producten en diensten te verbeteren.</li>
<li>We kunnen periodiek promotionele e-mails sturen over nieuwe producten, speciale aanbiedingen of andere informatie waarvan wij denken dat u deze interessant vindt met behulp van het e-mailadres dat u heeft opgegeven.</li>
<li>Van tijd tot tijd kunnen we uw gegevens ook gebruiken om contact met u op te nemen voor marktonderzoeksdoeleinden. We kunnen contact met u opnemen via e-mail, telefoon, fax of post. We kunnen de informatie gebruiken om de website aan te passen aan uw interesses.</li>
</ul>
<h2 id=""privacy-policy-title-5"">Beveiliging</h2>
<p>We doen er alles aan om ervoor te zorgen dat uw informatie veilig is. Om ongeautoriseerde toegang of openbaarmaking te voorkomen, hebben we geschikte fysieke, elektronische en bestuurlijke procedures ingevoerd om de informatie die we online verzamelen te beschermen en te beveiligen.</p>
<h2 id=""privacy-policy-title-6"">Anderen met wie wij uw informatie delen</h2>
<p>The Luma Group: Alle bovenstaande informatie die we verzamelen, zoals hierboven beschreven, kan worden gedeeld met alle Luma-entiteiten, inclusief Luma Venia- en Luma Terra-winkels, website en Private Sales.</p>
<p>Serviceproviders: we kunnen ook informatie vrijgeven aan externe bedrijven die ons helpen om u de producten en diensten die we aanbieden te leveren. We kunnen bijvoorbeeld samenwerken met een extern bedrijf om: (a) een database met klantinformatie te beheren; (b) ons helpen bij het verspreiden van e-mails; (c) ons helpen met direct marketing en gegevensverzameling; (d) ons opslag en analyse bieden; (d) fraudepreventie bieden; en (e) andere diensten aanbieden die zijn ontworpen om ons te helpen bij het maximaliseren van ons zakelijk potentieel. We eisen dat deze externe bedrijven ermee instemmen alle informatie die we met hen delen vertrouwelijk te houden en de informatie alleen te gebruiken om hun verplichtingen na te komen in onze overeenkomsten met hen.</p>
<p>Andere bedrijven: we kunnen informatie verstrekken aan zorgvuldig geselecteerde externe bedrijven als we denken dat hun producten of diensten mogelijk interessant voor u zijn.</p>
<p>Zakelijke overgangen: we kunnen een kopie van persoonlijke informatie over u overdragen of delen in het geval dat Luma of een van zijn eigendommen, gelieerde ondernemingen of dochterondernemingen een zakelijke overgang doormaakt, zoals een fusie, wordt overgenomen door een ander bedrijf of een deel van zijn activa. Als uw persoonlijke gegevens in strijd met dit beleid worden gebruikt, wordt u via e-mail of een prominente kennisgeving op onze website op de hoogte gebracht voordat u van eigenaar verandert of controle over uw persoonlijke informatie krijgt. Niets in dit privacybeleid is echter bedoeld om het vermogen van Luma te verstoren om zijn bedrijf en / of activa geheel of gedeeltelijk over te dragen aan een gelieerde of onafhankelijke derde partij op elk moment, voor welk doel dan ook, zonder enige beperking.</p>
<p>Luma behoudt zich specifiek het recht voor om een __kopie van persoonlijk identificeerbare informatie die op haar websites is verzameld, over te dragen of te delen met de koper van dat deel van haar bedrijf dat betrekking heeft op die informatie.</p>
<p>Naleving van de wet: we kunnen toegang verlenen tot informatie wanneer dit wettelijk vereist is, om mee te werken aan politieonderzoeken of andere gerechtelijke procedures, om ons te beschermen tegen misbruik of ongeautoriseerd gebruik van onze website, om onze wettelijke aansprakelijkheid te beperken en om onze rechten of om de rechten, eigendommen of veiligheid van bezoekers van deze website of het publiek te beschermen.</p>
<p>Luma werkt samen met advertentiebedrijven om onze advertenties op websites van uitgevers op internet te plaatsen. Deze reclamebedrijven verzamelen anonieme informatie over uw bezoeken aan onze website. Deze technologie maakt gebruik van cookies van derden waarmee ze gepersonaliseerde advertenties kunnen ontwikkelen, zodat deze rechtstreeks verband houden met aanbiedingen die voor u interessant kunnen zijn. U kunt ervoor kiezen om u af te melden voor deze service die we hebben bij onze externe advertentiepartner. We kunnen ook Luma-cookies gebruiken om u vergelijkbare verbeterde online marketing te bieden op basis van uw interesses en voorkeuren. U kunt er ook voor kiezen om u af te melden voor deze verbeterde online marketingadvertenties.</p>
<h2 id=""privacy-policy-title-7"">Uw keuzes met betrekking tot het gebruik van de informatie die we verzamelen</h2>
<p>U heeft verschillende keuzes met betrekking tot onze omgang met uw niet-openbare persoonlijk identificeerbare informatie.</p>
<p>Direct mail of telefonische marketing: Als u winkelt in de Luma- of Private Sales-winkels en u wilt worden verwijderd uit de lijst met klanten die direct mail of telemarketingoproepen ontvangen, kunt u schrijven naar Luma Customer Care op 112 West 34th Street, 18e Flr. New York, NY 10120 of bel + 1800-403-8838. Als u ervoor kiest om ons te schrijven, vermeld dan uw naam, adres en creditcardrekeningnummer (als u er een heeft) en vermeld een van de volgende zaken:</p>
<ul>
<li>""GEEN MAIL AANBIEDINGEN"" (als u geen aanbiedingen per post wilt ontvangen);</li>
<li>""GEEN TELEFOON AANBIEDINGEN"" (als u geen telefonische aanbiedingen wilt ontvangen);</li>
<li>""GEEN TELEFOON- OF MAIL AANBIEDINGEN"" (als u ook niet wilt ontvangen).</li>
</ul>
<p>&nbsp;</p>
<p>Omdat klantenlijsten vaak ruim voor een aanbieding worden opgesteld (soms een paar maanden voordat de aanbieding wordt gedaan), is het mogelijk dat u enkele aanbiedingen blijft ontvangen nadat u ons een verzoek heeft gestuurd om uw informatie niet voor specifieke marketingdoeleinden te gebruiken. We stellen uw geduld en begrip op prijs om ons de tijd te geven om aan uw verzoek te voldoen.</p>
<h2 id=""privacy-policy-title-9"">Cookies, webbakens en hoe we ze gebruiken</h2>
<p>Een cookie is een klein bestand dat toestemming vraagt __om op de harde schijf van uw computer te worden geplaatst. Zodra u akkoord gaat, wordt het bestand toegevoegd en helpt de cookie het webverkeer te analyseren of laat het u weten wanneer u een bepaalde site bezoekt. Cookies stellen webtoepassingen in staat om op u als individu te reageren. De webapplicatie kan zijn activiteiten afstemmen op uw behoeften, voorkeuren en antipathie�n door informatie over uw voorkeuren te verzamelen en te onthouden.</p>
<p>We gebruiken verkeerslogcookies om te identificeren welke pagina's worden gebruikt. Dit helpt ons gegevens over webpaginaverkeer te analyseren en onze website te verbeteren om deze af te stemmen op de behoeften van de klant. We gebruiken deze informatie alleen voor statistische analysedoeleinden, waarna de gegevens uit het systeem worden verwijderd.</p>
<p>Over het algemeen helpen cookies ons om u een betere website te bieden, doordat we kunnen bijhouden welke pagina's u nuttig vindt en welke niet. Een cookie geeft ons op geen enkele manier toegang tot uw computer of enige informatie over u, behalve de gegevens die u met ons wilt delen. U kunt ervoor kiezen om cookies te accepteren of te weigeren. De meeste webbrowsers accepteren cookies automatisch, maar u kunt uw browserinstellingen meestal wijzigen om cookies te weigeren als u dat wilt. Hierdoor kunt u mogelijk niet optimaal profiteren van de website.</p>
<p>Een ""webbaken"" of ""pixeltag"" of ""clear gif"" is doorgaans een afbeelding van ��n pixel die wordt gebruikt om informatie van uw computer of mobiele apparaat door te geven aan een website.</p>
<p>We gebruiken cookies en webbakens om bij te houden wat u in uw winkelwagentje heeft en om u te onthouden wanneer u terugkeert naar de website, evenals om de pagina's te identificeren waarop u klikt tijdens uw bezoek aan onze site en de naam van de website die u bezoekt. bezocht onmiddellijk voordat naar de Luma-website werd geklikt. We gebruiken deze informatie om ons site-ontwerp, productassortimenten, klantenservice en speciale aanbiedingen te verbeteren. Uiteraard kunt u cookies en webbakens op uw computer uitschakelen door dit aan te geven in de voorkeuren of optiemenu's in uw browser. Het is echter mogelijk dat sommige delen van onze website niet correct werken als u cookies uitschakelt. We kunnen ook webbakens en andere technologie�n gebruiken om bij te houden of onze communicatie u bereikt, om de doeltreffendheid ervan te meten of om bepaalde niet-persoonlijke informatie over uw computer, apparaat of browser te verzamelen om ons in staat te stellen een beter ontwerp te maken. toekomstige mededelingen aan u.</p>
<p>We kunnen contracten sluiten met derden die cookies en webbakens kunnen gebruiken en namens ons informatie kunnen verzamelen of diensten kunnen verlenen zoals creditcardverwerking, verzending, promotiediensten of gegevensbeheer. We noemen ze onze Customer Care Partners. Het is deze derde partijen volgens ons contract met hen verboden om die informatie te delen met iemand anders dan wij of onze andere Customer Care Partners.</p>
<h2 id=""privacy-policy-title-10"">Lijst met cookies die we verzamelen</h2>
<p>The table below lists the cookies we collect and the information they store.</p>
<table class=""data-table"">
<thead>
<tr>
<th>COOKIE name</th>
<th>COOKIE Description</th>
</tr>
</thead>
<tbody>
<tr>
<th>CART</th>
<td>De koppeling met uw winkelwagentje.</td>
</tr>
<tr>
<th>CATEGORY_INFO</th>
<td>Maakt het mogelijk pagina's sneller weer te geven.</td>
</tr>
<tr>
<th>COMPARE</th>
<td>De items die u in de lijst Producten vergelijken heeft.</td>
</tr>
<tr>
<th>CUSTOMER</th>
<td>Een gecodeerde versie van uw klant-ID.</td>
</tr>
<tr>
<th>CUSTOMER_AUTH</th>
<td>Een indicator als u bent aangemeld bij de winkel.</td>
</tr>
<tr>
<th>CUSTOMER_INFO</th>
<td>Een gecodeerde versie van de klant groep waartoe u behoort.</td>
</tr>
<tr>
<th>CUSTOMER_SEGMENT_IDS</th>
<td>Dlaat uw klantsegment-ID op.</td>
</tr>
<tr>
<th>EXTERNAL_NO_CACHE</th>
<td>A flag that, indicates whether caching is on or off.</td>
</tr>
<tr>
<th>FRONTEND</th>
<td>Uw sessie-ID op de server.</td>
</tr>
<tr>
<th>GUEST-VIEW</th>
<td>Laat gasten toe om hun bestellingen te bewerken.</td>
</tr>
<tr>
<th>LAST_CATEGORY</th>
<td>De laatste categorie die u heeft bezocht.</td>
</tr>
<tr>
<th>LAST_PRODUCT</th>
<td>Het laatste product dat u heeft bekeken.</td>
</tr>
<tr>
<th>NEWMESSAGE</th>
<td>Geeft aan of er is een nieuw bericht ontvangen.</td>
</tr>
<tr>
<th>NO_CACHE</th>
<td>Geeft aan of het is toegestaan om cache te gebruiken.</td>
</tr>
<tr>
<th>PERSISTENT_SHOPPING_CART</th>
<td>Een link naar informatie over je winkelwagen en kijkgeschiedenis als je de site hebt gevraagd.</td>
</tr>
<tr>
<th>RECENTLYCOMPARED</th>
<td>De items die je onlangs hebt vergeleken.</td>
</tr>
<tr>
<th>STF</th>
<td>Informatie over producten die je naar vrienden hebt gemaild.</td>
</tr>
<tr>
<th>STORE</th>
<td>De winkelweergave of taal die u heeft geselecteerd.</td>
</tr>
<tr>
<th>USER_ALLOWED_SAVE_COOKIE</th>
<td>Geeft aan of een klant cookies heeft geautoriseerd.</td>
</tr>
<tr>
<th>VIEWED_PRODUCT_IDS</th>
<td>De producten die u onlangs heeft bekeken.</td>
</tr>
<tr>
<th>WISHLIST</th>
<td>Een gecodeerde lijst met producten die aan uw verlanglijst zijn toegevoegd.</td>
</tr>
<tr>
<th>WISHLIST_CNT</th>
<td>Het aantal items op uw verlanglijst.</td>
</tr>
</tbody>
</table>
<h2 id=""privacy-policy-title-11"">Online Account Registratie</h2>
<p>Om online winkelen sneller en gemakkelijker te maken, kunt u zich registreren op de Luma-website. Als geregistreerde klant hoeft u uw verzendadressen en factuurgegevens slechts ��n keer in te voeren; ze worden veilig bij ons opgeslagen voor toekomstig gebruik. Met uw naam en een wachtwoord naar keuze kunt u op elk moment online toegang krijgen tot uw account om informatie toe te voegen, te verwijderen of te wijzigen. Als u een openbare computer gebruikt, raden we u ten zeerste aan om uit te loggen wanneer u klaar bent met winkelen. Uw gegevens worden nog steeds bij ons opgeslagen, maar zijn vanaf die computer voor niemand anders toegankelijk.</p>
<h2 id=""privacy-policy-title-12"">E-mails</h2>
<p>U ontvangt alleen promotionele e-mails van ons als u daarom heeft gevraagd. Als u geen e-mail wilt ontvangen van Luma of zijn dochterondernemingen, kunt u klikken op de ""Uitschrijven"" -link onderaan elke e-mail die door ons wordt verzonden. Geef ons 3 werkdagen vanaf het moment dat het verzoek is ontvangen om de verwijdering te voltooien, aangezien sommige van onze promoties mogelijk al in behandeling waren voordat u uw verzoek indiende.</p>
<h2 id=""privacy-policy-title-13"">Aanvaarding</h2>
<p>Door deze website te gebruiken, accepteert u het beleid dat in dit privacybeleid is uiteengezet.</p>
<h2 id=""privacy-policy-title-14"">Vragen voor Luma?</h2>
<p><a tabindex=""0"" href=""https://luma-europe-fxo3gfa-pa2p6kzfphbvi.demo.magentosite.cloud/euro/contact/"">Neem contact op</a></p></div></div></div></div></div>"
luma_nl_nl,reward-points,Reward Points,1column,"<div data-content-type=""row"" data-appearance=""contained"" data-element=""main""><div data-enable-parallax=""0"" data-parallax-speed=""0.5"" data-background-images=""{}"" data-background-type=""image"" data-video-loop=""true"" data-video-play-only-visible=""true"" data-video-lazy-load=""true"" data-video-fallback-src="""" data-element=""inner"" style=""justify-content: flex-start; display: flex; flex-direction: column; background-position: left top; background-size: cover; background-repeat: no-repeat; background-attachment: scroll; border-style: none; border-width: 1px; border-radius: 0px; margin: 0px 0px 10px; padding: 10px;""><h1 data-content-type=""heading"" data-appearance=""default"" data-element=""main"" style=""border-style: none; border-width: 1px; border-radius: 0px;"">Reward Points</h1><div data-content-type=""text"" data-appearance=""default"" data-element=""main"" style=""border-style: none; border-width: 1px; border-radius: 0px; margin: 0px; padding: 0px;""><p>Met het Reward Points-programma kunt u punten verdienen voor bepaalde acties die u op de site onderneemt. Punten worden toegekend op basis van aankopen en acties van klanten, zoals het indienen van beoordelingen.</p>
<h2>Voordelen van spaarpunten voor geregistreerde klanten</h2>
<p>Zodra u zich heeft geregistreerd, kunt u beloningspunten verdienen en opbouwen, die vervolgens op het moment van aankoop kunnen worden ingewisseld voor de kosten van uw bestelling. Beloningen zijn een extra bonus voor uw winkelervaring op de site en slechts een van de manieren waarop we u bedanken voor uw trouwe klant.</p>
<h2>Spaarpunten verdienen</h2>
<p>Er kunnen momenteel beloningen worden verdiend voor de volgende acties:</p>
<ul>
<li>Aankopen doen - elke keer dat u een aankoop doet, verdient u punten op basis van de prijs van de gekochte producten en deze punten worden toegevoegd aan uw spaarpunten-saldo.</li>
<li>Registreren op de site.</li>
<li>Voor het eerst abonneren op een nieuwsbrief.</li>
<li>Uitnodigingen verzenden - Verdien punten door uw vrienden uit te nodigen om lid te worden van de site.</li>
<li>Uitnodigingen omzetten naar klanten - Verdien punten voor elke uitnodiging die u verstuurt, waardoor uw vrienden zich op de site registreren.</li>
<li>Uitnodigingen omzetten in bestelling - Verdien punten voor elke uitnodiging die u verstuurt en die tot een verkoop leidt.</li>
<li>Inzending van product reviews - Verdien punten voor het indienen van productbeoordelingen.</li>
</ul>
<h2>Waarde voor Reward-punten</h2>
<p>De waarde van beloningspunten wordt bepaald door de wisselkoers van zowel de valuta die aan producten wordt uitgegeven naar punten, als de wisselkoers van verdiende punten naar de valuta voor uitgaven aan toekomstige aankopen.</p>
<h2>Spaarpunten inwisselen</h2>
<p>U kunt uw spaarpunten inwisselen bij het afrekenen. Als u genoeg punten heeft verzameld om ze in te wisselen, heeft u de mogelijkheid om punten te gebruiken als een van de betalingsmethoden. De optie om beloningspunten te gebruiken, evenals uw saldo en het geldelijke equivalent van dit saldo, wordt u getoond in het gebied Betaalmethode van de kassa. Inwisselbare beloningspunten kunnen worden gebruikt in combinatie met andere betaalmethoden, zoals creditcards, cadeaubonnen en meer.</p></div><figure data-content-type=""image"" data-appearance=""full-width"" data-element=""main"" style=""margin: 30px 0px; padding: 0px; border-style: none;""><img class=""pagebuilder-mobile-hidden"" src=""{{media url=wysiwyg/rewardpoints/payment.png}}"" alt="""" title="""" data-element=""desktop_image"" style=""border-style: none; border-width: 1px; border-radius: 0px; max-width: 100%; height: auto;""><img class=""pagebuilder-mobile-only"" src=""{{media url=wysiwyg/rewardpoints/payment.png}}"" alt="""" title="""" data-element=""mobile_image"" style=""border-style: none; border-width: 1px; border-radius: 0px; max-width: 100%; height: auto;""></figure><div data-content-type=""text"" data-appearance=""default"" data-element=""main"" style=""border-style: none; border-width: 1px; border-radius: 0px; margin: 0px; padding: 0px;""><h2>Reward Points Limieten</h2>
<p>Beloningspunten kunnen worden gelimiteerd tot een minimumwaarde die vereist is voor inwisseling. Als deze optie is geselecteerd, kunt u uw beloningspunten niet gebruiken totdat u een minimum aantal punten heeft verzameld, waarna ze beschikbaar komen voor inwisseling.</p>
<p>Beloningspunten kunnen ook worden gelimiteerd tot de maximale waarde van punten die kunnen worden verzameld. Als deze optie is geselecteerd, moet u uw opgebouwde punten inwisselen voordat u meer punten kunt verdienen.</p>
<h2>Mijn spaarpunten beheren</h2>
<p>U heeft de mogelijkheid om uw punten in te zien en te beheren via uw klantaccount. Vanuit <a tabindex=""0"" href=""{{store url=&quot;customer/account&quot;}}"">uw account</a>&nbsp;kunt u uw totale aantal punten (en het equivalent in valuta) zien, het minimum dat nodig is om in te wisselen, of u de maximale puntenlimiet heeft bereikt en een cumulatieve geschiedenis van verworven, ingewisselde en verloren punten. Het historische record zal historische koersen en valuta bewaren en weergeven voor informatieve doeleinden. De geschiedenis toont u ook uitgebreide informatieve berichten over punten, inclusief vervalmeldingen.</p></div><figure data-content-type=""image"" data-appearance=""full-width"" data-element=""main"" style=""margin: 30px 0px; padding: 0px; border-style: none;""><img class=""pagebuilder-mobile-hidden"" src=""{{media url=wysiwyg/my_account.png}}"" alt="""" title="""" data-element=""desktop_image"" style=""border-style: none; border-width: 1px; border-radius: 0px; max-width: 100%; height: auto;""><img class=""pagebuilder-mobile-only"" src=""{{media url=wysiwyg/my_account.png}}"" alt="""" title="""" data-element=""mobile_image"" style=""border-style: none; border-width: 1px; border-radius: 0px; max-width: 100%; height: auto;""></figure><div data-content-type=""text"" data-appearance=""default"" data-element=""main"" style=""border-style: none; border-width: 1px; border-radius: 0px; margin: 0px; padding: 0px;""><h2>Vervallen beloningspunten</h2>
<p>Beloningspunten kunnen worden ingesteld om te vervallen. Punten vervallen op het bestelformulier waarin ze voor het eerst werden verdiend.</p>
<p>Opmerking: u kunt zich aanmelden om e-mailmeldingen te ontvangen telkens wanneer uw saldo verandert wanneer u punten verdient, inwisselt of verliest, evenals meldingen over het verlopen van punten. Deze optie is te vinden in het &nbsp;<a tabindex=""0"" href=""{{store url=&quot;reward/customer/info&quot;}}"">reward points gedeelte</a> van Mijn account.&nbsp;</p></div></div></div>"
luma_nl_nl,about-us,About us,cms-full-width,"<div data-content-type=""row"" data-appearance=""contained"" data-element=""main""><div data-enable-parallax=""0"" data-parallax-speed=""0.5"" data-background-images=""{}"" data-background-type=""image"" data-video-loop=""true"" data-video-play-only-visible=""true"" data-video-lazy-load=""true"" data-video-fallback-src="""" data-element=""inner"" style=""justify-content: flex-start; display: flex; flex-direction: column; background-position: left top; background-size: cover; background-repeat: no-repeat; background-attachment: scroll; border-style: none; border-width: 1px; border-radius: 0px; margin: 0px 0px 10px; padding: 10px;""><div class=""pagebuilder-column-group"" style=""display: flex;"" data-content-type=""column-group"" data-grid-size=""12"" data-element=""main""><div class=""pagebuilder-column"" data-content-type=""column"" data-appearance=""align-center"" data-background-images=""{}"" data-element=""main"" style=""justify-content: flex-start; display: flex; flex-direction: column; background-position: left top; background-size: cover; background-repeat: no-repeat; background-attachment: scroll; text-align: center; border-style: none; border-width: 1px; border-radius: 0px; width: 33.3333%; margin: 0px; padding: 10px; align-self: center;""><h1 data-content-type=""heading"" data-appearance=""default"" data-element=""main"" style=""border-style: none; border-width: 1px; border-radius: 0px;"">About Luma</h1><h2 data-content-type=""heading"" data-appearance=""default"" data-element=""main"" style=""border-style: none; border-width: 1px; border-radius: 0px;"">Wellness for everyone</h2></div><div class=""pagebuilder-column"" data-content-type=""column"" data-appearance=""full-height"" data-background-images=""{}"" data-element=""main"" style=""justify-content: flex-start; display: flex; flex-direction: column; background-position: left top; background-size: cover; background-repeat: no-repeat; background-attachment: scroll; border-style: none; border-width: 1px; border-radius: 0px; width: 66.6667%; margin: 0px; padding: 10px; align-self: stretch;""><figure data-content-type=""image"" data-appearance=""full-width"" data-element=""main"" style=""margin: 0px; padding: 0px; border-style: none;""><img class=""pagebuilder-mobile-hidden"" src=""{{media url=wysiwyg/AdobeStock_251503988_result.jpg}}"" alt="""" title="""" data-element=""desktop_image"" style=""border-style: none; border-width: 1px; border-radius: 0px; max-width: 100%; height: auto;""><img class=""pagebuilder-mobile-only"" src=""{{media url=wysiwyg/AdobeStock_251503988_result.jpg}}"" alt="""" title="""" data-element=""mobile_image"" style=""border-style: none; border-width: 1px; border-radius: 0px; max-width: 100%; height: auto;""></figure></div></div></div></div><div data-content-type=""row"" data-appearance=""full-width"" data-enable-parallax=""0"" data-parallax-speed=""0.5"" data-background-images=""{}"" data-background-type=""image"" data-video-loop=""true"" data-video-play-only-visible=""true"" data-video-lazy-load=""true"" data-video-fallback-src="""" data-element=""main"" style=""justify-content: flex-start; display: flex; flex-direction: column; background-color: rgb(249, 249, 249); background-position: left top; background-size: cover; background-repeat: no-repeat; background-attachment: scroll; border-style: none; border-width: 1px; border-radius: 0px; margin: 0px 0px 40px; padding: 30px 10px;""><div class=""row-full-width-inner"" data-element=""inner""><div class=""pagebuilder-column-group"" style=""display: flex;"" data-content-type=""column-group"" data-grid-size=""12"" data-element=""main""><div class=""pagebuilder-column"" data-content-type=""column"" data-appearance=""full-height"" data-background-images=""{}"" data-element=""main"" style=""justify-content: flex-start; display: flex; flex-direction: column; background-position: left top; background-size: cover; background-repeat: no-repeat; background-attachment: scroll; border-style: none; border-width: 1px; border-radius: 0px; width: 25%; margin: 0px; padding: 0px; align-self: stretch;""></div><div class=""pagebuilder-column"" data-content-type=""column"" data-appearance=""full-height"" data-background-images=""{}"" data-element=""main"" style=""justify-content: center; display: flex; flex-direction: column; background-position: left top; background-size: cover; background-repeat: no-repeat; background-attachment: scroll; border-style: none; border-width: 1px; border-radius: 0px; width: 50%; margin: 0px; padding: 10px; align-self: stretch;""><div data-content-type=""text"" data-appearance=""default"" data-element=""main"" style=""border-style: none; border-width: 1px; border-radius: 0px; margin: 0px; padding: 0px;""><h3 style=""text-align: center;"">We're passionate about active lifestyles - and it goes way beyond apparel.</h3></div><div data-content-type=""buttons"" data-appearance=""inline"" data-same-width=""true"" data-element=""main"" style=""text-align: center; border-style: none; border-width: 1px; border-radius: 0px; margin: 20px 0px; padding: 10px 10px 0px;""><div data-content-type=""button-item"" data-appearance=""default"" data-element=""main"" style=""display: inline-block;""><div class=""pagebuilder-button-secondary"" data-element=""empty_link"" style=""text-align: center;""><span data-element=""link_text"">New Collections</span></div></div><div data-content-type=""button-item"" data-appearance=""default"" data-element=""main"" style=""display: inline-block;""><div class=""pagebuilder-button-secondary"" data-element=""empty_link"" style=""text-align: center;""><span data-element=""link_text"">Store Finder</span></div></div></div><div data-content-type=""text"" data-appearance=""default"" data-element=""main"" style=""border-style: none; border-width: 1px; border-radius: 0px; margin: 0px; padding: 0px;""><h4 style=""text-align: center;"">With more than 200 stores spanning the UK, Europe and Internationally, Luma is an internationally recognised active wear manufacturer and retailer.</h4></div></div><div class=""pagebuilder-column"" data-content-type=""column"" data-appearance=""full-height"" data-background-images=""{}"" data-element=""main"" style=""justify-content: flex-start; display: flex; flex-direction: column; background-position: left top; background-size: cover; background-repeat: no-repeat; background-attachment: scroll; border-style: none; border-width: 1px; border-radius: 0px; width: 25%; margin: 0px; padding: 0px; align-self: stretch;""></div></div></div></div><div data-content-type=""row"" data-appearance=""contained"" data-element=""main""><div data-enable-parallax=""0"" data-parallax-speed=""0.5"" data-background-images=""{}"" data-background-type=""image"" data-video-loop=""true"" data-video-play-only-visible=""true"" data-video-lazy-load=""true"" data-video-fallback-src="""" data-element=""inner"" style=""justify-content: flex-start; display: flex; flex-direction: column; background-position: left top; background-size: cover; background-repeat: no-repeat; background-attachment: scroll; border-style: none; border-width: 1px; border-radius: 0px; margin: 200px 0px 150px; padding: 10px;""><div class=""pagebuilder-column-group"" style=""display: flex;"" data-content-type=""column-group"" data-grid-size=""12"" data-element=""main""><div class=""pagebuilder-column"" data-content-type=""column"" data-appearance=""full-height"" data-background-images=""{\&quot;desktop_image\&quot;:\&quot;{{media url=wysiwyg/AdobeStock_193167636_result.jpg}}\&quot;}"" data-element=""main"" style=""justify-content: flex-start; display: flex; flex-direction: column; background-position: center center; background-size: cover; background-repeat: no-repeat; background-attachment: scroll; border-style: none; border-width: 1px; border-radius: 0px; min-height: 500px; width: 58.3333%; margin: -150px 0px; padding: 10px; align-self: stretch;""></div><div class=""pagebuilder-column"" data-content-type=""column"" data-appearance=""full-height"" data-background-images=""{}"" data-element=""main"" style=""justify-content: center; display: flex; flex-direction: column; background-color: rgb(255, 255, 255); background-position: left top; background-size: cover; background-repeat: no-repeat; background-attachment: scroll; border-style: solid; border-color: rgb(240, 240, 240); border-width: 2px; border-radius: 0px; width: calc(41.6667% - 0px); margin: 0px 100px 0px -100px; padding: 40px; align-self: stretch;""><div data-content-type=""text"" data-appearance=""default"" data-element=""main"" style=""border-style: none; border-width: 1px; border-radius: 0px; margin: 0px; padding: 0px;""><p>At Luma, wellness is a way of life. We don�t believe age, gender or past actions define you, only your ambition and desire for wholeness... today.</p>
<p>We differentiate ourselves through a combination of unique designs and styles merged with unequaled standards of quality and authenticity. Our founders have deep roots in yoga and health communities and our selections serve amateur practitioners and professional athletes alike.</p></div></div></div></div></div>"
luma_nl_nl,customer-service,NL - Customer Service,1column,"<div data-content-type=""row"" data-appearance=""contained"" data-element=""main""><div data-enable-parallax=""0"" data-parallax-speed=""0.5"" data-background-images=""{}"" data-background-type=""image"" data-video-loop=""true"" data-video-play-only-visible=""true"" data-video-lazy-load=""true"" data-video-fallback-src="""" data-element=""inner"" style=""justify-content: flex-start; display: flex; flex-direction: column; background-position: left top; background-size: cover; background-repeat: no-repeat; background-attachment: scroll; border-style: none; border-width: 1px; border-radius: 0px; margin: 0px 0px 10px; padding: 10px;""><h1 data-content-type=""heading"" data-appearance=""default"" data-element=""main"" style=""border-style: none; border-width: 1px; border-radius: 0px;"">Klantenservice</h1></div></div><div data-content-type=""row"" data-appearance=""contained"" data-element=""main""><div data-enable-parallax=""0"" data-parallax-speed=""0.5"" data-background-images=""{}"" data-background-type=""image"" data-video-loop=""true"" data-video-play-only-visible=""true"" data-video-lazy-load=""true"" data-video-fallback-src="""" data-element=""inner"" style=""justify-content: flex-start; display: flex; flex-direction: column; background-position: left top; background-size: cover; background-repeat: no-repeat; background-attachment: scroll; border-style: none; border-width: 1px; border-radius: 0px; margin: 0px 0px 10px; padding: 10px;""><div class=""pagebuilder-column-group"" style=""display: flex;"" data-content-type=""column-group"" data-grid-size=""12"" data-element=""main""><div class=""pagebuilder-column"" data-content-type=""column"" data-appearance=""full-height"" data-background-images=""{}"" data-element=""main"" style=""justify-content: flex-start; display: flex; flex-direction: column; background-color: rgb(240, 240, 240); background-position: left top; background-size: cover; background-repeat: no-repeat; background-attachment: scroll; border-style: none; border-width: 1px; border-radius: 0px; width: 100%; margin: 0px; padding: 10px; align-self: stretch;""><div data-content-type=""text"" data-appearance=""default"" data-element=""main"" style=""border-style: none; border-width: 1px; border-radius: 0px; margin: 0px; padding: 0px;""><h2>Luma Verzending &amp; Retouren</h2>
<p>We hopen dat je het leuk vindt om bij Luma te winkelen. Hier is ons leverings- en retourbeleid om ervoor te zorgen dat we aan uw verwachtingen voldoen. <a tabindex=""0"" href=""/euro/contact/"">Neem contact op.</a></p></div></div></div></div></div><div data-content-type=""row"" data-appearance=""contained"" data-element=""main""><div data-enable-parallax=""0"" data-parallax-speed=""0.5"" data-background-images=""{}"" data-background-type=""image"" data-video-loop=""true"" data-video-play-only-visible=""true"" data-video-lazy-load=""true"" data-video-fallback-src="""" data-element=""inner"" style=""justify-content: flex-start; display: flex; flex-direction: column; background-position: left top; background-size: cover; background-repeat: no-repeat; background-attachment: scroll; border-style: none; border-width: 1px; border-radius: 0px; margin: 0px 0px 10px; padding: 10px;""><div data-content-type=""text"" data-appearance=""default"" data-element=""main"" style=""border-style: none; border-width: 1px; border-radius: 0px; margin: 0px; padding: 0px;""><h2>Verzending en Aflevering</h2>
<p>Verzending en levering zijn de kosten voor internetbestelling, itemkeuze, verpakking, transport en afhandeling. We kunnen geen levertijden garanderen, maar we doen ons best om nauwkeurige schattingen te geven.</p>
<p>Leveringen vinden alleen plaats op werkdagen. Verzend- en bezorgkosten zijn onderhevig aan verandering en worden bepaald wanneer u bestelt. Bij de geschatte levertijd wordt ervan uitgegaan dat bestellingen v��r 12.00 uur zijn geplaatst. Bestellingen die u laat op vrijdag of op zaterdag bij Luma plaatst, worden pas op maandag verwerkt. Er kunnen kosten in rekening worden gebracht voor bestellingen met verzending met prioriteit, nacht en internationale verzending als we tevergeefs proberen uw bestelling meer dan eens te bezorgen.</p>
<p>&nbsp;</p>
<div class=""table-wrapper"">
<table><caption>Verzending &amp; Aflevering</caption>
<thead>
<tr>
<th><strong>Order bedrag</strong></th>
<th><strong>STANDAARD</strong><br>5�7 werkdagen&nbsp;</th>
<th><strong>PRIORITY</strong><br>2�3 werkdagen&nbsp;</th>
<th><strong>SAME DAY</strong><br>Dezelfde dag geleverd*&nbsp;</th>
</tr>
</thead>
<tbody>
<tr>
<th>Tot&nbsp; �200</th>
<td>�16</td>
<td>�26</td>
<td>�33</td>
</tr>
<tr>
<th>�200.01�500.00</th>
<td>�21</td>
<td>�31</td>
<td>�38</td>
</tr>
<tr>
<th>�500.01�1000.00</th>
<td>�29</td>
<td>�39</td>
<td>�46</td>
</tr>
<tr>
<th>Boven �1000.00</th>
<td>�34</td>
<td>�44</td>
<td>�51</td>
</tr>
</tbody>
</table>
<p><span style=""font-size: 12px;"">*Besteld voor 12.00uur is dezelfde dag verzonden</span></p>
</div></div><div data-content-type=""text"" data-appearance=""default"" data-element=""main"" style=""border-style: none; border-width: 1px; border-radius: 0px; margin: 0px; padding: 0px;""><h2 style=""margin-top: 40px;"">Retouren en Garantie</h2>
<p>We willen dat je helemaal tevreden bent met je Luma-bestelling. Als u om welke reden dan ook niet tevreden bent, accepteren we graag uw tijdige teruggave van ongedragen, ongewassen of defecte goederen. Gebruikte goederen kunnen niet worden geretourneerd, tenzij ze defect zijn. Geretourneerde goederen moeten de verpakking en labels van de leverancier bevatten en in dezelfde staat verkeren als toen ze werden ontvangen. Mogelijk wordt een ophaal- en / of aanvullingstoeslag in rekening gebracht. Goederen moeten binnen 30 dagen na ontvangst van de goederen worden geretourneerd.</p>
<h3>Retouren Cadeaus</h3>
<p>Bij het retourneren van een geschenk wordt een Luma-cadeaubon uitgereikt aan de ontvanger van het cadeau voor het bedrag van de geretourneerde goederen. De kaart kan worden gebruikt voor aankopen in elke Luma-winkel en online. In overeenstemming met de federale wetgeving ontvangt de ontvanger voor geschenken met een waarde van meer dan � 2.000,00 een cheque in plaats van een Luma-cadeaubon.</p>
<h3>Pakket Retour Sturen (DHL/PostNL)</h3>
<p>Op de achterkant van de pakbon die bij uw Luma-bestelling is gevoegd, vermeldt u de reden (en) voor retournering en of u het artikel of de artikelen wilt ruilen of een tegoed / terugbetaling wilt ontvangen (afhankelijk van de oorspronkelijke betalingsmethode).</p>
<p>Voeg het retourgedeelte van de pakbon bij uw artikel (en). Gebruik een van de retouretiketten op de voorkant van uw pakbon om het juiste retouradres en kredietinformatie te garanderen. Artikelen waarvoor beperkingen gelden, moeten worden geretourneerd via grondtransport.</p>
<p>Het kan 10 tot 14 dagen duren voordat Luma uw retourzending verwerkt.</p></div></div></div>"