sku,store_view_code,name,description,short_description
24-MB01,luma_se_sv,Joust Duffleväska,"<P> Den sportiga Joust Duffle Bag kan inte slå - inte i gymmet, inte på bagagekarusellen, inte någonstans. Stor nog att dra en basket eller fotboll och vissa tränare med gott om utrymme för att skona, det är idealiskt för idrottare med ställen att gå. <P>
<Ul>
<Li> Dubbeltopp handtag. </ Li>
<Li> Justerbar axelrem. </ Li>
<Li> Hellång dragkedja. </ Li>
<Li> L 29"" x W 13"" x H 11"" . </ Li>
</ Ul>",
24-MB04,luma_se_sv,Strive Axelväska,"<P> Bekvämlighet är nästan ingenting när dagen är fylld med action. Så oavsett om du är på väg till klassen, gym, eller obesegrad vägen, se till att du har fått din Sträva Shoulder Pack fylld med alla dina nödvändigheter, och extramaterial som väl. </ P>
<Ul>
<Li> Blixtlåshuvudfack. </ Li>
<Li> Front ficka med dragkedja. </ Li>
<Li> Side mesh ficka. </ Li>
<Li> Mobiltelefon ficka på bandet. </ Li>
<Li> Justerbar axelrem och topp bärhandtag. </ Li>
</ Ul>",
24-MB03,luma_se_sv,Crown Summit Ryggsäck,"<P> The Crown Summit Backpack är lika hemma i ett gym skåp, studera kub eller en valp tält, så se din är packad med böcker, en påse lunch, vattenflaskor, yoga blocket, laptop, eller vad du vill i hand. Robust nog för dagen vandringar och camping resor, har två stora blixtlåsförsedda fack och vadderade, justerbara axelband. </ P>
<Ul>
<Li> Top handtag. </ Li>
<Li> Genomföring hål. </ Li>
<Li> Tvåvägs dragkedjor. </ Li>
<Li> H 20"" x B 14"" x D 12"" . </ Li>
<Li> Vikt: 2 lbs, 8 oz. Volym:. 29 L </ li>
<Ul>",
24-MB05,luma_se_sv,Wayfarer Kurirväska,"<P> Perfekt för klass, arbete eller på gym, Wayfarer Messenger-väska är packad med fickor. Den dubbla spänne flik stängning avslöjar en organisatorisk panel och rymlig huvudfacket har utrymmen för din bärbara dator och en förändring av kläder. En justerbar axelrem och greppvänligt handtag lovar enkel transport. </ P>
<Ul>
<Li> Flera inre fickor. </ Li>
<Li> Tillverkad av slitstark nylon. </ Li>
</ Ul>",
24-MB06,luma_se_sv,Rival Field kurirväska,"<P> Rival Field Messenger packar alla campus, studio eller spår väsentligheter inuti en unik design av mjukt, texturerat läder - med massor av karaktär att skona. Två utvändiga fickor hålla alla dina mindre föremål till hands, och rymlig interiör erbjuder ännu mer utrymme. </ P>
<Ul>
<Li> Läderkonstruktion. </ Li>
<Li> Justerbar tyg bärrem. </ Li>
<Li> Dimensioner:. 18"" x 10"" x 4"" </ li>
</ Ul>",
24-MB02,luma_se_sv,Fusion Ryggsäck,"<P> Med Fusion Ryggsäck fastspänd på, är varje vandringen ett äventyr - även en bussresa till arbete. Det är delvis på grund av två stora blixtlåsförsedda fack lagra allt du behöver, medan en främre ficka med dragkedja och sido mesh påsar är perfekta för stashing det där lilla extra, ifall du ändrar dig och ta ledigt. </ P>
<Ul>
<Li> Slitstark nylonkonstruktion. </ Li>
<Li> 2 huvudsakliga blixtlåsförsedda fack. </ Li>
<Li> en yttre ficka med dragkedja. </ Li>
<Li> Mesh sidopåsar. </ Li>
<Li> Vadderad, justerbara remmar. </ Li>
<Li> Top bärhandtag. </ Li>
<Li> Dimensioner:. 18"" x 10"" x 6"" </ li>
</ Ul>",
24-UB02,luma_se_sv,,"<P> Bra för strand trips, spåra möter, Yoga retreater och mer, är Impulse Duffle följeslagare du kommer att vilja vid din sida. En stor U-formad öppning gör packningen en bekymmersfri affär, medan en blixtlåsförsedd innerficka håller smycken och andra små värdesaker säkert tucked utom synhåll. </ P>
<Ul>
<Li> På hjul. </ Li>
<Li> Dubbel handtag. </ Li>
<Li> Retractable handtag högst upp. </ Li>
<Li> W 14"" x H 26"" x D 11"" . </ Li>
</ Ul>",
24-WB01,luma_se_sv,Voyage Yoga Väska,"<P> Allt du behöver för en resa till gymmet passar inuti förvånansvärt rymlig Voyage Yoga Bag. Stock det med en vattenflaska, ombyte, par skor, och även några skönhetsprodukter. Passar inuti ett skåp och blixtlås stängt för säkerheten. </ P>
<Ul>
<Li> Slip ficka på framsidan. </ Li>
<Li> Kontrast rörledningar. </ Li>
<Li> Slitstark nylonkonstruktion. </ Li>
</ Ul>",
24-WB02,luma_se_sv,,"<P> Tävla Track Tote har en mängd motion leveranser med lätthet. Stash din handduk, jacka och street skor inuti. Tuck vattenflaskor i lättåtkomliga externa utrymmen. Perfekt för resor till gymmet eller yoga studio, med dubbla topp handtag för bekvämlighet till och från. <P>
<Ul>
<Li> Tvåvägs dragkedjor. </ Li>
<Li> Kontrast detaljer. </ Li>
<Li> W 22,0"" x H 17"" x D 10"" . </ Li>
</ Ul>",
24-WB05,luma_se_sv,Savy Axel Tote,"<P> power walking till gymmet eller promenera till den lokala kaffe låter Savvy Shoulder hänger du stuva dina viktigaste i sportig stil! En topplastutrymmet ger snabb och enkel tillgång till större föremål, medan fickor med blixtlås på framsidan och sido hold kontanter, kreditkort och telefon. </ P>
<Ul>
<Li> Vattenfast skalet. </ Li>
<Li> vattenflaska ficka. </ Li>
<Li> Vadderat, en ledad axelrem. </ Li>
<Li> Dimensioner: W 21"" x H 15"" x D 10"" </ li>
</ Ul>",
24-WB06,luma_se_sv,Endeavour Dagturssäck,"<P> Med mer utrymme än det verkar, kommer Endeavour dagturssäck hålla en hel dags värde av böcker, pärmar och träningskläder. Det rymliga huvudfack innefattar en dedikerad datorfodral. Två andra fack erbjuder extra förvaringsutrymme. </ P>
<Ul>
<Li> Skumvadderade justerbara axelremmar. </ Li>
<Li> 900D polyester. </ Li>
<Li> Förstoringar blixtlås. </ Li>
<Li> Locker slinga. </ Li>
</ Ul>",
24-WB03,luma_se_sv,Driven Ryggsäck,"<P> Skolböcker, läger redskap och yogakläder klara sig alldeles utmärkt i all-purpose Driven ryggsäck. Utformad med tuff polyester ripstop, det utrustade med gummerade ändpaneler och vadderade, justerbara axelband. Den rymliga huvudfacket funktioner gjuten skum fickor som värd allt du behöver. </ P>
<Ul>
<Li> Större huvud- och små zip fack. </ Li>
<Li> Justerbara, vadderade remmar. </ Li>
<Li> interiör foam fickor. </ Li>
<Li> Exteriör fack med blixtlås. </ Li>
<Li> Vänster sport flaska ficka. </ Li>
<Li> Survival växel säljs separat. </ Li>
</ Ul>",
24-WB07,luma_se_sv,Overnight Duffleväska,"<P> För långa helger bort, campingutflykter och affärsresor, Overnight Duffle kan inte bli bättre. De dubbla handtag gör det enkelt att bära, medan den hållbara vattentäta yttre hjälper du oroa mindre om vädret. Med flera organisatoriska fickor inne och ute, det är den perfekta reskamraten. </ P>
<Ul>
<Li> Dubbeltopp handtag. </ Li>
<Li> W 15"" x H 15"" x D 9"" . </ Li>
</ Ul>",
24-WB04,luma_se_sv,Push It Kurirväska,"<P> Namnet säger så, men Push Det Messenger Bag är mycket mer än en hektisk pendlare toto. Det är en garderob hemifrån när du trampa från klass eller arbete gym och tillbaka eller hem igen. Det är den perfekta storleken och formen för laptop, vikta kläder, även extra skor. </ P>
<Ul>
<Li> Justerbar crossbody rem. </ Li>
<Li> Top handtag. </ Li>
<Li> Blixtlåsförsedd innerficka. </ Li>
<Li> förslutningar Secure clip. </ Li>
<Li> Hållbar vävkonstruktion. </ Li>
</ Ul>",
24-UG06,luma_se_sv,Affirm Vattenflaska,"<P> Du bor hydrerad med lätthet med bekräftar Vattenflaska vid din sida eller i handen. Mätningar på hjälp utifrån dig att hålla koll på hur mycket du dricker, medan skruvlock förhindrar spill. En metallkarbinhaken tillåter dig att fästa den på utsidan av en ryggsäck eller väska för enkel åtkomst. </ P>
<Ul>
<Li> Tillverkad av plast. </ Li>
<Li> spårförsedda sidor för ett enkelt grepp. </ Li>
</ Ul>",
24-UG07,luma_se_sv,Kardioball Dubbelt Handtag,"<P> Gör det mesta av din begränsade tränings fönster med vår dubbla handtag Cardio Ball. Den 15-lb bollen maximerar ansträngningen-inverkan på buken, överarmen och lägre kroppens muskler. Den har ett handtag på varje sida för ett företag, säkert grepp. </ P>
<Ul>
<Li> Hållbart plastskal med sand fyllning.
<Li> Två handtag.
<Li> 6,8 Kg
</ Ul>",
24-UG04,luma_se_sv,Zing Hopprep,"<P> En av världens enklaste och mest bärbara träningsenheter, ett hopprep möjliggör oändliga variationer och fitness utgång. Den Zing hopprep går någonstans och kan användas när som helst. Det är justerbar i längd och har en kontur skum handtag för ett bra grepp. </ P>
<Ul>
<li> Profilerade skum handtag.
<Li> Justerbar längd.
</ Ul>",
24-UG02,luma_se_sv,Pursuit Lumaflex™ Hopprep,"<P> spara dina knän och leder samtidigt stärka armar, ben och kärna med Pursuit Lumaflex ™ Tone Band. Denna ultra hållbara träningsverktyg kan du fylla i en full body workout utan skrymmande maskiner eller fria vikter. </ P>
<Ul>
<Li> Hem och / eller gym användning. </ Li>
<Li> ergonomiska handtag. </ Li>
</ Ul>",
24-UG05,luma_se_sv,Go-Get'r Armhävninger Grepp,"<P> Go-Get'r armhävningsgrepp tillhandahålla den extra rörelseomfång som behövs för en djupdopp rutin targeting kärna, axlar, bröstkorgen och armstyrka säkert. Gör färre pushups använder mer energi, att få bättre resultat snabbare än standardgolvnivå teknik avkastning. </ P>
<Ul>
<Li> Hållbar skumgrepp. </ Li>
<Li> Stödjande bas. </ Li>
</ Ul>",
24-UG01,luma_se_sv,Quest Lumaflex ™ Band,"<P> Från förlängningar ben och stående knäböj till ett komplett utbud av golvrutiner, Quest Strength Band ger din egen personliga gym med dig överallt. Designad för att lägga till extra motstånd mot varje träningspass, hjälper denna styrka band du tonen och definiera dina muskler. Du kommer att älska den extra komforten av dess grippy handtag och justerbar design. </ P>
<Ul>
<Li> Justerar från 30"" till 55"" .
<li> greppvänlig komfort handtag.
<Li> Stretchig gummikonstruktion.
</ Ul>",
24-WG084,luma_se_sv,Sprite Foam Yoga Block,"<P> Vårt mest sålda yoga prop, 4-tums högkvalitativ Sprite Foam Yoga Brick är populär bland yoga nybörjare och studio proffs. En väsentlig yoga tillbehör, är yoga tegel ett viktigt verktyg för att hitta balans och inriktning i många vanliga yogaställningar. Välj mellan 5 färgalternativ. </ P>
<Ul>
<Li> Standard Stor Storlek: 4"" x 6"" x 9"" .
<Li> avfasade kanter för idealisk kontur grepp.
<Li> Hållbar och mjuk, reptålig skum.
<Li> Individuellt förpackade.
<li> Tio färgval.
</ Ul>",
24-WG088,luma_se_sv,,"<P> Det gör ont så bra att använda Sprite Foam Roller på ömmande, trötta muskler för myofasciellt massage. Eller så kan du lägga till denna grundläggande bit till Pilates och yoga accouterment, eller tillämpa mot bålstabilitet, stärka och balans. </ P>
<Ul>
<Li> 6 '' bred och 12 '' lång. </ Li>
<Li> Säker för myofasciellt release. </ Li>
<Li> EPP eller PE foam alternativ. </ Li>
<Li> Solid, täta, skum med slutna celler. </ Li>
</ Ul>",
24-UG03,luma_se_sv,Harmoni Lumaflex ™ Styrka Band Kit,"<P> Glöm snygga maskiner och dyra medlemskap - Harmony Lumaflex ™ Stength Band Kit är allt du behöver för en fantastisk träning. Satsen har allt du behöver för en rad stärka och toning övningar. </ P>
<Ul>
<Li> Tre flex band. </ Li>
<Li> texturerat, ergonomiska handtag. </ Li>
<Li> Justerbara längder. </ Li>
<Li> Mesh bärväska ingår. </ Li>
</ Ul>",
24-MG04,luma_se_sv,Aim Analog Armbandsur,"<P> Stay ljusår före konkurrenterna med vårt mål Analog Watch. Den flexibla, gummerad rem är formad för att överensstämma med formen på handleden för en bekväm hela dagen passform. Ansiktet har tre upplysta händer, en digital avläsning av den aktuella tiden och stoppur funktioner. </ P>
<Ul>
<Li> japanska kvarts rörlighet. </ Li>
<Li> Strap passar 7"" till 8,0"" . </ Li>
</ Ul>",
24-MG01,luma_se_sv,Endurance Armbandsur,"<P> Det är lätt att spåra och övervaka din träning framsteg med Endurance Watch. Du ser standard information som tid, datum och veckodag, men det fungerar även för allvarliga hög körsträcka athete. Varvräknaren, stoppur, distans, puls, hastighet / tempo, kadens och höjd </ p>
<Ul>
<Li> Digital display. </ Li>
<Li> LED-bakgrundsbelysning. </ Li>
<Li> Strap passar 7"" till 10"" . </ Li>
<Li> 1 års garanti. </ Li>
<Li> Kommer med polerad metall fall. </ Li>
</ Ul>",
24-MG03,luma_se_sv,Summit Armbandsur,"<P> Trek högt och lågt i den attraktiva Summit Watch, som presenterar en digital LED-display med tid och datum, stoppur, varvräknaren, och 3-sekunders bakgrundsbelysning. Det kan också beräkna antalet åtgärder som vidtagits och förbrända kalorier. </ P>
<Ul>
<Li> Borstad metall fall. </ Li>
<Li> Vatten resistent (100 meter). </ Li>
<Li> Buckle lås. </ Li>
<Li> Strap passar 7"" - 10"" . </ Li>
<Li> 1 års garanti. </ Li>
</ Ul>",
24-MG05,luma_se_sv,Cruise Dual Analog Armbandsur,"<P> Oavsett om du reser eller vill du var, du kommer aldrig att låta tidszoner perplex du igen med Cruise Dual Analog Watch. Den tjocka, justerbart band lovar en bekväm, personlig passform till denna stilrena, moderna tid pjäs. </ P>
<Ul>
<Li> Två rattar. </ Li>
<Li> Rostfritt stål fallet. </ Li>
<Li> Justerbar läder band. </ Li>
</ Ul>",
24-MG02,luma_se_sv,Dash Digital Armbandsur,"<P> Dash Digital Watch kommer att utmana dig att driva hårdare och längre. Log träning efter datum, i genomsnitt, och tider segmentet, och ladda genom att fukt och näring larm. Denna klocka är formaterad med en snygg, fyrkantigt ansikte och slitstarkt gummi rem för en lång livslängd. </ P>
<Ul>
<Li> Digital display. </ Li>
<Li> LED-bakgrundsbelysning. </ Li>
<Li> Gummi rem med spänne lås. </ Li>
<Li> 1 års garanti. </ Li>",
24-WG09,luma_se_sv,Luma Analog Armbandsur,"<P> Designad för att stå upp mot en aktiv livsstil, detta kvinnors Luma Analog Watch har en smakfull borstad krom finish och rostfritt stål, vattentålig konstruktion för hållbarhet. </ P>
<Ul>
<Li> Precisions Miyota® tre-handrörelse. </ Li>
</ Ul>",
24-WG01,luma_se_sv,Bolo Sport Armbandsur,"<P> Bolo Sport Watch är snygg, sportig och storlek precis rätt för att passa din mindre handleden. Lätt att läsa och ställa in, det har en stor digital ansikte och knapp aktiverade larm och stoppur. De mjuka harts band lovar ingen nypa komfort, medan vattentäta designen kan du ta din träning till poolen. </ P>
<Ul>
<Li> visar tid, dag och datum. </ Li>
<Li> Tvåfärgad design. </ Li>
<Li> 12/24 timmars format. </ Li>
<Li> Nickel-fri spänne på bandet. </ Li>
<Li> Batteri ingår. </ Li>
</ Ul>",
24-WG03,luma_se_sv,Clamber Armbandsur,"<P> Håll koll på tid på löpbandet eller spår med vår klättra Watch. Den flexibla, gummerad rem är formad att anpassa sig till handleden för en bekväm passform hela dagen. Ansiktet har en upplyst digital avläsning av den aktuella tiden och stoppur funktioner. </ P>
<Ul>
<Li> japanska kvarts rörlighet. </ Li>
<Li> Strap passar 5"" till 6,0"" . </ Li>
</ Ul>",
24-WG02,luma_se_sv,Didi Sport Armbandsur,"<P> Didi Sport Watch hjälper dig att hålla din träning plan ner till den andra. Den vertikala, digital ansikte ser elegant och futuristisk. Denna klocka är programmerad med massor av användbara funktioner som en timer, en väckarklocka, en stegräknare, och mer för att göra din träning mer produktiv. </ P>
<Ul>
<Li> Digital display. </ Li>
<Li> LED-bakgrundsbelysning. </ Li>
<Li> Gummi rem med spänne lås. </ Li>
<Li> 1 års garanti. </ Li>
</ Ul>",
240-LV04,luma_se_sv,Nybörjar Yoga,"<P> Nybörjar Yoga startar du den väg mot styrka, balans och mental fokus. Med denna video ladda ner, behöver du inte vara en stor idrottsman eller gym guru att lära sig de bästa och mest grundläggande tekniker för yoga foundation livslångt. </ P>
<Ul>
<Li> Video nedladdning </ li>
<Li> Fem träning. </ Li>
<Li> Balans, styrka och uthållighet. </ Li>
<Li> Flexibilitet och kärna styrka. </ Li>
<Li> Inkluderar modifiering för nybörjare. </ Li>
</ Ul>","<P>
Den svåraste yogaställningar att bemästra är de inlärda felaktigt som en nybörjare. Luma Nybörjar Yoga är ett fantastiskt sätt att bryta sig in i din första yogapass och börja resan till en längre, smalare, friskare kropp. Tryggt hitta vägen in i yoga med denna effektiva men ändå skonsamt program. Du får lära dig rätt inriktning och hur man kringgå vanliga misstag.
</ P>"
240-LV05,luma_se_sv,Livslångt Fitness IV,"<P> Luma livslångt Fitness-serien är en värld erkänt, evidensbaserad träningsprogram som utformats speciellt för personer med fokus på att vara aktiv hela sitt liv. Om de följs regelbundet kommer deltagarna se bättre hjärtfrekvens och blodtryck, ökad rörlighet, minskad ledvärk och allmän förbättring av funktionell kondition och hälsa. </>
<Ul>
<Li> 10 minuters uppvärmning. </ Li>
<Li> 30 minuter av milda aerobics. </ Li>
<Li> 20 minuter av hållfasthet, elasticitet och balans. </ Li>
<Li> Omfattande modifikationer för att variera kondition nivåer. </ Li>
</ Ul>","<P>
Instruktörerna och rutiner som presenteras i livslångt Fitness IV tillhandahålla säkra alternativ för att tjäna alla typer av fysiska förutsättningar och förmågor. Rörelseomfång, kroppskännedom och andas metoder är viktiga verktyg för yogiska egenvård, som är nödvändiga för att upprätthålla vakenhet, hälsa och värdighet under en livstid. Den livslånga Fitness-serien är medveten om att när vi åldras, säkerhet och hållbarhet vår motion blivit lika viktigt som att trycka våra gränser.
</ P>"
240-LV06,luma_se_sv,,"<P> Luma presenterar en innovativ effekt vinyasa yoga klass för mellanliggande och avancerade utövare. Videon kan du takten själv, men mer intensivt arbete ger längre vila. Denna klass är bra för mer avancerade studenter som vill lära sig korrekt inriktning i sin yoga. </ P>
<Ul>
<Li> Inkluderar en uppdelning av 12 olika ställningar. </ Li>
<Li> Chataranga Dandasana och bön twist. </ Li>
<Li> utmanande hållning (sido galande). </ Li>
<Li> 55 minuters rörelse. </ Li>
</ Ul>","<P>
Praxis på denna nedladdnings utbildning video rekommenderas endast för erfarna till avancerade studenter. De med de grundläggande färdigheter som behövs kommer inte vill missa den insikt och råd från världsberömda tränare Erin Renny i dessa exklusiva Luma guidade yoga sessioner. Hela kroppen, arm balans och benstyrka träning engagera, stärka och öka rörligheten.
</ P>"
240-LV07,luma_se_sv,Solo Power Circuit Träning,"<P> Cirkelträning hjälper förvisa tristess traditionella träning. Solo Strömkrets nedladdning låter dig uppleva Luma maximal effektivitet cirkelträning i träningstid du har till förfogande. Lär hemligheter att kasta pounds, minska kroppsfett, Sculpt fantastiska abs och tonen att omforma hela kroppen. Du kommer att känna skillnaden efter bara en krets. </ P>
<Ul>
<Li> Mål abs, armar och ben. </ Li>
<Li> 6 roliga intervalltränings kretsar. </ Li>
<Li> Lätt att följa. </ Li>
<Li> Ingen speciell utrustning behövs. </ Li>
<Li> 43 minuter. </ Li>
</ Ul>","<P>
Många samtida motion trender offra formuläret och precision till förmån för reps och ""PR"" mål. Luma Solo driver Circuit lär tekniker för att hålla dig säker. Men tror inte att du får bort lätt: när det gäller att bygga muskler och bränna fett, kommer dessa rutiner inte svika. En fusion av cirkelträning, yoga, pilates och löpning, ger Solo Ström Circuit ut din svettigaste bäst.
</ P>"
240-LV08,luma_se_sv,Avancerad Pilates & Yoga (Styrka),"<P> Avancerat Pilates & Yoga hjälper dig att öka din flexibilitet och tonen kärnmuskelgrupper genom en uppfriskande träning för hela kroppen. Pilates träning är en grundlig styrka-conditioning session som ökar flexibiliteten, uthållighet och hållning. Yoga träning innehåller arv och nya poser i en kontinuerlig rutin som får dig att känna utmattad och uppfyllt på en gång. </ P>
<Ul>
<Li> Pilates-Yogafusion. </ Li>
<Li> Breathing uppvärmning och nedkylning. </ Li>
<Li> timslånga session. </ Li>
<Li> HD-video. </ Li>
<Ul>","<P>
Ingen utrustning behövs. Advanced Pilates & Yoga (Strength) är en muskel-definiera program som använder balans, hjärt och flexibilitet rörelser med plyometric och kroppsvikt baserade övningar för en all-around, fysiskt krävande träning. De Pilates delar i denna sammanställning föra milda motståndsledare in i de rutiner, som betonar säkerhet, teknik och rörelseomfång.
</ P>"
240-LV09,luma_se_sv,Luma Yoga För Livet,"<Ul> <li> Öka styrka + flexibilitet + metabolism </ li> <li> bränna kalorier + må bra </ li> <li> få energi + ungdomlighet + mental wellness </ li> </ ul> <h3 style = ""margin-top: 30px;""> Hämta beskrivning </ h3> <p> <strong style = ""display: block; marginal: 20px 0 5px;""> Tone upp kropp och själ </ strong> Pro Yoga Instructor och master Practitioner Marie Peale hjälper tonen och forma din kropp med henne uppfriskande ändå skonsam metod. </ p> <p> Du får lära dig att använda yoga för att koppla av, kontrollera stress och öka din kalori-bränning kapacitet, samtidigt som utforskar traditionella och nya yogaställningar att förlänga och förstärka ditt fullständiga muskelstruktur. </ P> <ul> <li> enkel nedladdning </ li> <li> Ljudalternativ: Musik och undervisning eller instruktion endast </ li> <li> Puls tekniker förklaras </ li> <li> Andnings tekniker förklaras < / li> <li> Flytta genom övningar i din egen takt </ li> </ ul> <p> Två 25-minuters träning episoder och en 40-minuters träning episod med uppvärmning och kyla ner: </ p> < p> <strong style = ""display: block; margin: 20px 0 5px;""> Episode 1 </ strong> Creative, rolig session inriktad mot att öppna dina lungor. Kombinerar stretching och andas med fokus på höfter och axlar. </ P> <p> <strong style = ""display: block; marginal: 20px 0 5px;""> Episode 2 </ strong> Ramp upp tempot och energi med kalori-bränning flöden. En stimulerande träningspass införa kropps skulptera makt yoga </ p> <p> <strong style = ""display: block; margin: 20px 0 5px;"">. Episode 3 </ strong> Push din kondition räckvidd och uthållighet med en intensiva serie av stående och golv övningar och poser. . Avsluta denna extra längd session med en meditativ svalna </ p> <h3 style = ""margin-top: 30px;""> instruktör bio </ h3> <p> <strong style = ""display: block; margin: 20px 0 5px; ""> Om Marie </ strong> Marie är utbildad kampsportare och dansare med en BS i bioteknik och över 10 år som en certifierad yogalärare. Marie har studerat yoga i England, Indien och under 2009, vid Ashraqat Ashram Yoga Farm i USA. Hon har undervisat på heltid sedan dess. Hennes fokus på styrka och wellness kombinerar djup kunskap om människans biologi och motivation styrs av villkorslös kärlek för sin publik. </ P>","<P>
Luma grundare Erin Renny på yoga och livslängd. ""Jag kommer inte lovar att du kommer att leva längre med yoga Ingen kan lova att Men ditt liv kommer att vara friskare, mindre stressande och mer fysiskt i samklang när du fokuserar på att ansluta. kropp och själ eller regelbundet. yoga är min favorit sätt att uttrycka detta sammanhang. jag vill dela hemligheter livslångt yoga med någon som är villig att andas och lär med mig.""
</ P>"
24-WG085_Group,luma_se_sv,Sprite Yoga Straps Set,"<P> Stor uppsättning Sprite Yoga Remmar för varje sträcka och hålla dig behöver. Det finns tre remmar i denna uppsättning. 6' , 8' och 10' </ p>
<Ul>
<Li> 100% mjuk och slitstark bomull.
<Li> är Plastic cinch spännet lätt att använda.
<Li> Välj mellan tre naturliga färger gjorda av ftalater och tungmetaller gratis färgämnen.
</ Ul>",
24-WG080,luma_se_sv,,"<P> En väl avrundad yoga träning tar mer än en matta. Sprite Yoga Companion Kit hjälper lager din studio med grunderna du behöver för en fullsortiments träning. Satsen består av fyra mest sålda Luma Sprite tillbehör i ett enkelt paket: statist boll, skumblock, yoga rem, och skum rulle. Välj storlekar och färger och lämna resten till oss. Satsen innehåller: </ p>
<Ul>
<Li> Sprite Statis Ball
<Li> Sprite Foam Yoga Brick
<Li> Sprite Yoga Strap
<Li> Sprite Foam Roller
</ Ul>",
243-MB04,luma_se_sv,Luma Presentkort (post),"En Luma presentkort är speciellt insvept i en anpassad konst mailer och skickas utan kostnad till din speciella någon. Det kan lösas i butiken, via telefon eller på någon av Luma familjen av webbplatser. Det kommer aldrig att upphöra. Ge en gåva av köpkraft!",
243-MB09,luma_se_sv,Luma Presentkort (virtuell),En Luma virtuellt presentkort är mailade med en valfri meddelande till din speciella någon. Det kan lösas på någon av Luma familjen av webbplatser och kommer aldrig att upphöra. Ge en gåva av köpkraft!,
MH01,luma_se_sv,,"<P> Perfekt för kallt väder utbildning eller arbete utomhus, den Chaz Hoodie lovar överlägsen värme med varje slitage. Tjocka material blockerar vinden som mudd och nedre bandtätning i kroppsvärme. </ P>
<P> & bull; Tvåfärgade grå ljung hoodie <br /> & bull. Dragsko-justerbar huva. <br /> & bull; Maskintvätt / torr. </ P>",
MH02,luma_se_sv,,"<P> Det här Teton Pullover ger dig mer än avspänd stil. Den är utrustad med fukttransporterande tyg för att hålla ljus och torr inuti, särskilt i kyligt väder träning. En elastisk fåll kan du röra sig fritt. </ P>
<P> & bull; Black pulloverhoodie <br /> & bull. Mjuk, borstad interiör. <br /> & bull; Främre handfickor. <br /> & bull; Maskintvätt / torr. </ P>",
MH03,luma_se_sv,,"<P> Bo bekvämt och vistelse i loppet oavsett hur vädret är upp till. Bruno Tävla Hoodie s vattenavvisande yttre skärmar dig från elementen, medan avancerad tyg teknik inuti vekar fukt för att hålla dig torr. </ P>
<P> & bull; Full zip svart hoodie pullover. <br /> & bull; Justerbar dragsko huva. <br /> & bull; Ribbade muddar / midjebandet. <br /> & bull; Känguruficka. <br /> & bull; Maskintvätt / torr. </ P>",
MH04,luma_se_sv,Frankie Tröja,"<P> Frankie tröjan är din bästa vän på lång eftermiddag stadion snäppa eller vintern Trailcampingplatser. Den mjuka fleecetyg håller dig toasty som fukttransporterande teknik sparkar i när solen kommer ut. </ P>
<P> & bull; Ljusgrön crewneck sweat <br /> & bull. Handfickor <br /> & bull. Avslappnad passform <br /> & bull. Maskintvätt / torr. </ P>",
MH05,luma_se_sv,Hollister Backyard Tröja,"<P> Kick off helgen i Hollister Backyard tröjan. Oavsett om du kratta löv eller vända hamburgare, detta bekväma skikt blockerar bett av skarpa höstluften. Puffy tjock från huva till fållen, fångar den värme mot din kärna. </ P>
<P> & bull; Cream crewneck tröja med marinblå ärmar / trim <br /> & bull. Avslappnad passform. <br /> & bull; Mudd i ärmslut och nertill. <br /> & bull; Maskintvätt / torr. </ P>",
MH06,luma_se_sv,,"<P> Du behöver inte bells och visselpipor när prestanda talar för sig själv. Den fullständiga zip Stark Fundamental Hoodie ger precis vad du behöver. Huva och fleecefoder hålla dig varm, medan andas och transporterande tekniken inte kommer att låta dig överhettas. </ P>
<P> & bull; Navy specked fullt vinandehoodie <br /> & bull. Mudd i ärmslut, banded midja <br /> & bull. Sidofickor. <br /> & bull; Maskintvätt / torr. </ P>",
MH07,luma_se_sv,,"<P> grått och svart färg blockerar du skiljer dig som hjälten Hoodie värmer på bussen, campus eller kalla Mean Streets. Sneda icke stora fickor hålla stil äkta. . . bekvämt. </ p>
<P> & bull; Full-zip grått och svart hoodie <br /> & bull. Ribbad kant <br /> & bull. Standard fit <br /> & bull. Dragsko huva cinch <br /> & bull. Vattenbeständig beläggning. </ P>",
MH08,luma_se_sv,,"<P> kyliga vädret är bara en ursäkt för att kasta på din toasty, vacker ny Oslo Trek Hoodie. Den har en justerbar dragsko huva och känguruficka för extra hand värme. Den ultramjuk kommer mysigt foder har du önskar för mer livlig dagar. </ P>
<P> & bull; Brun hoodie med svarta detaljer <br /> & bull. Pullover. <br /> & bull; Justerbar dragsko huva. <br /> & bull; Ribbade muddar / midjebandet. <br /> & bull; Maskintvätt / torr. </ P>",
MH09,luma_se_sv,,"<P> Det tog Cooltech ™ väder kläder know-how och massor av vindresistent tyg för att få avskyvärda Hoodie precis lagom. Det är aggressivt varm när den behöver vara, samtidigt som din komfort i mildare klimat. </ P>
<P> & bull; Blå ljung hoodie <br /> & bull. Avslappnad passform. <br /> & bull; Fukttransporterande. <br /> & bull; Maskintvätt / torr. </ P>",
MH10,luma_se_sv,Mach Street Tröja,"<P> Från hårda gator till asfalt spår, håller Mach Street tröjan upp till slitage och vind och regn. En infusion av prestanda och elegant komfort, med fukttransporterande LumaTech ™ tyg, det är bundet till att bli en daglig del av din aktiva livsstil </ p>
<P> & bull; Navy ljung crewneck sweat <br /> & bull. LumaTech ™ fukttransporterande tyg <br /> & bull.; . Antimicrobial, luktresistenta <br /> & bull; Zip handfickor <br /> & bull. Skaver beständig flatlocksömmar <br /> & bull. Ribbstickad muddar och nedtill. </ P>",
MH11,luma_se_sv,Grayson Crewneck Tröja,"<P> Grayson Crewneck tröjan ger dig den tidlösa, klassiskt utseende och ndash; en stil som kommer tillbaka runt nästan varje säsong. Vad mer, dess prestanda och temp-kontrollvärden är alltid på modet. </ P>
<P> & bull; Cream crewneck tröja med svarta detaljer <br /> & bull. 80% bomull / 20% polyester fleece. <br /> & bull; Mönstrat sticka huva foder. <br /> & bull; Stickade muddar och midja. <br /> & bull; Ficka. <br /> & bull; Curl edged söm detalj </ p>",
MH12,luma_se_sv,Ajax Full-Zip Tröja,"<P> Ajax Full-Zip bas gör det optimala skiktning eller yttre stycke för bågskyttar, golfare, vandrare och praktiskt taget alla andra idrottsmän. Inte bara har den förstklassiga fukttransporterande förmåga, men den snäva väva tyg också förhindrar pilling från upprepade tvätt-and-wear cykler. </ P>
<P> & bull; Mint randig fullt vinandehoodie <br /> & bull. 100% bunden polyesterfleece <br /> & tjur.; Ficka <br /> & bull. Rib ärmslut och nertill. <br /> & bull; Tvättas i maskin. </ P>",
MH13,luma_se_sv,,"<P> För kallt väder utbildning eller post-game skiktning, du behöver något mer än en vanlig fleece. Vår Marco Lätt Active Hoodie ger både stil och prestanda till plattan, domstol, eller sidlinjen. Den med slät yta, borstad-back tyg block vind och fällor kroppsvärmen, medan integrerade Cocona® fibrer dra bort fukt. </ P>
<P> & bull; Ljusblå ljung fullt vinandehoodie <br /> & bull. Inbyggda flatlocksömmar <br /> & bull. Matchande foder och dragsko. <br /> & bull; Maskintvätt / torr. </ P>",
MJ01,luma_se_sv,,"<P> Den släta nylon skal kring de Beaumont Summit Kit bekämpar vind, förstärkt med en kall-fighting borstad fleeceskikt. Jackan är vändbar, vilket ger dig ett nytt utseende för retur vandringen. Gott fickutrymmet rundor ut denna vandrare paradis paket. </ P>
<P> & bull; Gul dragkedja regnjacka <br /> & bull. Full-zip front. <br /> & bull; Stand-up krage. <br /> & bull; Elastiska manschetter. <br /> & bull; Maskintvätt / torr. </ P>",
MJ02,luma_se_sv,Hyperion Elements Jacka,"<p> Fett ansikte kraftiga vindar, iskalla temps och stormigt väder hela vintern igenom i Hyperion Elements Jacket. LumaTech ™ isoleringsteknik bidrar till att upprätthålla din kärntemperatur och veke svett. Den släta skalet är vattenavvisande och vadderade för att behålla kroppsvärmen. </ P>
<P> & bull; Lime 1/4 zip pullover <br /> & bull. Split ficka. <br /> & bull; Tumgrepp. <br /> & bull; Maskintvätt / hänga på tork. </ P>",
MJ04,luma_se_sv,Kenobi Trail Jacka,"<P> Förutom förseglade sömmar för att hålla fukt ute och kroppsvärmen in är Kenobi Trail Vest allt om medie bekvämlighet. Använd telefonen och musikspelaren utan att någonsin ta den ur sin mysiga fack. En bifogad fjärrkontroll på vänster bröst låter dig byta låtar, pausa och höj / lägre volym </ p>
<P> & bull; Black 1/4 zip pullover med kunglig dragkedja. <br /> & bull; Justerbar huva och ärmslut. <br /> & bull; Maskintvätt / lufttorka. </ P>",
MJ07,luma_se_sv,Orion Two-Tone Fitted Jacka,"<P> Medan du komma i form, behöver du en monterad jacka att matcha. Slående färg blockera mönster på huva, axlar och armar är utmärkande för Orion Two-Tone utrustat Jacket. De ger iögonfallande kontrast mot de rika, bål toner av detta 100% polyester, fukttransporterande väsentligt. </ P>
<P> & bull; Red dragkedja fleece med grå inläggningar <br /> & bull. Dubbel sticka konstruktion <br /> & bull. Full atletisk snitt <br /> & bull. Sy i ärmarna <br /> & bull. Främre ficka. </ P>",
MJ08,luma_se_sv,Lando Gym Jacka,"<P> Lando gym Jacket erbjuder strategisk ventilation vid svett benägna områden, medan fukttransporterande teknik hjälper dig att hålla torrt. Sido Sidfickor hus din favorit mediaenhet, så att du inkopplad när man arbetar ut. </ P>
<P> & bull; Grå polyester / spandex komplett jacka med orange foder. <br /> & bull; Höger ficka lagringsenhet <br /> & bull. Cocona® funktionsmaterial. <br /> & bull; Maskintvätt / torr. </ P>",
MJ09,luma_se_sv,Taurus Elements Skaljacka,"<P> Vad är en lite regn eller snö när du är inne i Taurus Elements Shell? Detta speciellt framtagna Cocona® jacka kan du njuta av naturen och modig elementen, tack vare all-vattentät, andas exteriör. </ P>
<P> & bull; Yellow 1/4 zip pullover. <br /> & bull; Två bröstfickor <br /> & bull. Standard passform. <br /> & bull; Vattentät, andas, sömmen tätas. <br /> & bull; Cocona® funktionsmaterial. <br /> & bull; Maskintvätt / torr. </ P>",
MJ10,luma_se_sv,Mars HeatTech™ Tröja,"<P> The Mars HeatTech ™ Jacket försvar mot vinter nejder så att du kan spela brott i parken, på leden eller solstol. Stor för ski lodge eller stadion, och har ett vind- och vattenavvisande yttre skal med en dragkabel huva och djupa fickor för lagring. </ P>
<P> & bull; Red 1/4 zip pullover <br /> & bull. Justerbar VELCRO® ärmslut. <br /> & bull; Två handfickor. <br /> & bull; Napoleonficka. <br /> & bull; Maskintvätt / torr </ p>",
MJ11,luma_se_sv,Typhon Performance Fleece-Fodrad Jacka,"<P> Ironmen och soffa krigare både räckvidd för Typhon Performance fleece-fodrad Jacket. När allt kommer omkring kan ingen man motstå ultramjuka micro foder. Flatlock sömmar gör den idealisk för att bära över allt från tankar och t-shirts till högteknologiska underställ. </ P>
<P> & bull; Svart full zip flight jacka <br /> & bull. Cocona® transporterande fiber <br /> & bull. Maskintvätt / torr. </ P>",
MJ06,luma_se_sv,Jupiter All-Weather Trainer,"<P> Dåligt klimat bli fördömd. Med andas, vattenavvisande Jupiter All-Weather Trainer, kan du fokusera på bränsle och formuläret och ledighet skydd och komfort till oss. Tyget är ett speciellt ljus fleece som vekar fukt och isolerar samtidigt. </ P>
<P> & bull; Avslappnad passform. <br /> & bull; Handfickor. <br /> & bull; Maskintvätt / torr <br /> & bull. Reflekterande säkerhet trim. </ P>",
MJ03,luma_se_sv,Montana Vindjacka,"<P> Ljus-as-a-fjäder vindskydd för löpare, vandrare och utomhus fitness buffs, Montana Wind Jacket kan vara fyllda i fickan för bärbara skydd. Dess eleganta, flytta-med-dig design gör den särskilt mångsidig. </ P>
<P> Justerbar huva. <br /> Split ficka. <br /> Tumhål. <br /> Maskintvätt / hänga på tork. </ p>",
MJ12,luma_se_sv,Proteus Fitness Överskjorta,"<P> Del jacka, en del skjorta gör Proteus Fitness Jackshirt en perfekt följeslagare för utomhusträning, camping eller DAGDRIVERI på skarpa dagar. Natural Cocona® teknik ger andas komfort och ökad torrhet tillsammans med UV-skydd och lukt ledning. Drop-svans nertill ger extra täckning när du cykla eller ersätta ett handfat ventil. </ P>
<P> & bull; 1/4 blixtlås. Stand-up krage. <br /> & bull; Maskintvätt / torr <br /> & bull. Vadderade inre skiktet. </ P>",
MS04,luma_se_sv,Gobi HeatTech™ T-Shirt,"<P> När träningen blir intensiv, fungerar Gobi HeatTec® T-tröja så hårt som du gör för att behålla din cool. Den fukttransporterande material löften torrare komfort, medan andas sidopaneler ger extra sträcka som är noga med att hålla dig i rörelse. </ P>
<P> & bull; Orange micro shirt <br /> & bull. HeatTec® fuktspridande tyg <br /> & bull. Crew halsen. <br /> & bull; Maskintvätt / torr. </ P>",
MS05,luma_se_sv,Helios EverCool™ T-Shirt,"<P> pumpa järn eller slå spår, har du svalt komfort på din sida i vår korta ärm Helios Evercool ™ T-tröja. Tyget är fylld med fukttransporterande teknik som drar svett från huden för snabb avdunstning. Stretchigt kilar uppmuntra ventilation samtidigt öka din rörelseomfång. </ P>
<P> & bull; <br /> & bull Teal snabbtorkande t-shirt. Avslappnad passform. <br /> & bull; Crew halsen. <br /> & bull; Maskintvätt / torr. </ P>",
MS09,luma_se_sv,Ryker LumaTech™ T-Shirt (Crew-neck),"<P> crew-ringad Ryker LumaTech ™ T-tröja hudar förstklassig prestanda teknik under anspråkslösa utseende. Den fjäderlätta blandning av tyger transporterar bort fukt för att hålla dig sval och torr i varje fas av ditt liv. </ P>
<P> & bull; Kunglig polyester t-shirt med svart accenter <br /> & bull. Avslappnad passform. <br /> & bull; Kortärmad. <br /> & bull; Maskintvätt / torr. </ P>",
MS11,luma_se_sv,Atomic Endurance Running T-Shirt (V-neck),"<P> Nå din gräns och hålla på att gå i Atomic Endurance Running T-tröja. Byggd för att hjälpa alla idrottare tryck förbi väggen med massor av prestandafunktioner. </ P>
<P> & bull; Kalk heathered v-ringad t-shirt. <br /> & bull; Ultralätt <br /> & bull. Fukttransporterande Cocona® tyg <br /> & bull. Maskintvätt / torr. </ P>",
MS12,luma_se_sv,Atomic Endurance Running T-Shirt (Crew-Neck),"<P> som det är v-ringad motsvarighet, besättningen hals Atomic T-tröja tar dig till ditt mål och därefter med sina många bärande funktioner: ultralätt, fukttransporterande Cocona® tyg, som inte skaver flatlocksömmar och en ergonomisk skärning som rör sig med kroppen. </ p>
<P> & bull; Red polyester t-shirt <br /> & bull. Crew halsen. <br /> & bull; Cocona® funktionsmaterial. <br /> & bull; Maskintvätt / torr. </ P>",
MS03,luma_se_sv,Balboa Persistence T-Shirt,"<P> Balboa Persistence T-tröja är ett måste för alla idrottare, Philadelphia eller någon annanstans. Vi tog det bästa prestanda kläder, klippa fluff och kokas ner till grunderna för en lätt, snabbtorkande t-shirt. </ P>
<P> & bull; Crew halsen. <br /> & bull; Semi-monterade. <br /> & bull; Cocona® funktionsmaterial. <br /> & bull; Maskintvätt / torr. </ P>",
MS06,luma_se_sv,Zoltan Gym T-shirt,"<P> Detta kort ärm undrar fungerar dubbelt så hårt för att ge dig bra gym dagar och utseende. Den Zoltan Gym T-shirt hjälper dig att hålla bekväm, medan lösare ärmar och flatlocksömmar hålla dig rör sig i skaver komfort. </ P>
<P> & bull; Avslappnad passform. <br /> & bull; Crew halsen. <br /> & bull; Maskintvätt / torr. </ P>",
MS01,luma_se_sv,Aero Daily Fitness T-Shirt,"<P> Behöver en vardaglig handling t-shirt som hjälper till att hålla dig torr? Aero Daily Fitness T-shirten är gjord av 100% polyester transporterande sticka att trattar bort fukt från huden. Låt dig inte luras av sin klassiska stil; Denna t-shirt hudar förstklassig prestanda teknik under sin anspråkslösa utseende. </ p>
<P> Avslappnad passform. <br /> kort ärm. <br /> Maskintvätt / torr. </ p>",
MS02,luma_se_sv,Ryker LumaTech™ T-Shirt (V-neck),"<P> Låt dig inte luras av sin klassiska stil; den Ryker LumaTech ™ T-tröja förkroppsligar framtiden prestanda kläder. Dess fjäder blandning av tyger transporterar bort fukt för att hålla dig sval och torr, oavsett omdragning upp miles, slå tre pekare eller svassa strandpromenaden. </ P>
<P> & bull; Avslappnad passform. <br /> & bull; Kortärmad. <br /> & bull; Maskintvätt / torr. </ P>",
MS10,luma_se_sv,Logan  HeatTec™ T-Shirt,"<P> Mjuk och lätt, blir Logan HeatTec® T-tröja dig genom lång tid i total komfort. Det ståtar överlägsen svett transporterande prestanda för att hålla huden torr och sval, och strategiska flatlocksömmar att motstå skav. </ P>
<P> & bull; Semi-monterade. <br /> & bull; Crew halsen. <br /> & bull; Maskintvätt / torktumling. </ P>",
MS07,luma_se_sv,Deion EverCool™ T-Shirt Långärmad,"<P> När du tränar, vanlig t-tröjor inte klippa det. Det är därför Dion lång Sleeve Evercool ™ T-tröja presenterar revolutionerande Cocona® tyg som härrör från en förnybar resurs: kokosnötskal. Denna unika material skyddar dig från skadliga UV-strålar, transporterar bort svett, kontroller stinker och torkar snabbt. </ P>
<P> & bull; Inpassad. <br /> & bull; Kontrast inre nackband. <br /> & bull; Maskintvätt / torr. </ P>",
MS08,luma_se_sv,Strike Endurance T-Shirt,"<P> Även om grus och ändamål håller ni hjälper det att ha lite extra komfort också. Vår Strike lång Sleeve Endurance T-tröja hjälper säkerställer en foto klar finish med avancerad svett transporterande teknik för en sval och torr känsla. </ P>
<P> & bull; Lös passform. <br /> & bull; Ribbad muddar / krage. <br /> & bull; Maskintvätt / torr. </ P>",
MT01,luma_se_sv,Erikssen CoolTech™ Fitness Linne,"<P> En bra kör tank bidrar till att göra de miles förbi hålla dig sval. Den Erikssen Cooltech ™ Fitness Tank bordar detta uppdrag, med funktionsmaterial konstruerade för att veken svett och främja luftflöde. </ P>
<P> & bull; Red prestanda tank <br /> & bull. Lätt halsringning. <br /> & bull; Reflektivitet. <br /> & bull; Maskintvätt / torr. </ P>",
MT02,luma_se_sv,Tristan Endurance Linne,"<P> Push dig själv genom straffa körningar, plyometric träning, hård konkurrens och mer i vår atletiska Tristan Endurance Tank. Konstruerad med inbyggda fukttransporterande teknik, är den designad för att hålla dig helt sval och torr på lång tid. </ P>
<P> & bull; Vit prestanda tank <br /> & bull. Snygg kontrast sömmar. <br /> & bull; Avslappnad passform. <br /> & bull; Ribbad besättning halsen. <br /> & bull; Maskintvätt / torr. </ P>",
MT03,luma_se_sv,Primo Endurance Linne,"<P> Chansen är din träning går utöver fria vikter, vilket är anledningen till Primo Endurance Tank använder maximal mångsidighet. Kör, hiss eller spela boll & ndash; Detta ventilerande mesh top kommer att hålla dig sval under alla dina aktiviteter. </ p>
<P> & bull; Röd ljung tank med grå pocket <br /> & bull. Skaver beständig flatlocksömmar. <br /> & bull; Avslappnad passform. <br /> & bull; Kontrast kantstickning <br /> & bull. Maskintvätt / torr. </ P>",
MT04,luma_se_sv,Helios Endurance Linne,"<P> När träningen pressar dina gränser, du behöver redskap som arbetar hårdare än du. Vår mesh Helio Training Tank är tillverkade av supermjuk ultralätt tyg som sträcker sig i alla riktningar för att följa alla dina rörelser, på mattan, domstol eller gata. </ P>
<P> & bull; Blå ljung tank med grå pocket <br /> & bull. Kontrast sidorna och bakåt skär <br /> & bull. Själv-tyg bindning vid hals och ärmhål. <br /> & bull; Maskintvätt / torr. </ P>",
MT05,luma_se_sv,Rocco Gym Linne,"<p> Vikter? Tung väska? Bikram? Men du får svettig, kommer du vara beredd med fukttransporterande allrengöringsmedel Rocco gym Tank. Den fritt rörliga klipp ger dig maximal rörelseomfång, med flatlocksömmar att eliminera skav. </ P>
<P> & bull; Ljusblå gråmelerad tank <br /> & bull. . Snabbtorkande, fukttransporterande <br /> & bull; 4-vägsstretch konstruktion <br /> & tjur.; Flatlock sömmar förhindrar skav <br /> & bull. Mesh på baksidan för andningsförmåga <br /> & bull. . 100% Polyester <br /> & bull; UPF 50 skydd. </ P>",
MT06,luma_se_sv,Vulcan Tyngdlyftning Linne,"<P> olympiska formaterad Vulcan Tyngdlyftning tankar särdrag polyester stretch och flex. Hit rack i ärmlösa stil och släppa loss din personliga bästa. Denna tank är utformad för att max prestanda, komfort och rörelseomfång. </ P>
<P> & bull; Svart polyester spandex tank <br /> & bull. 100% polyester <br /> & tjur.; Fri rörlighet <br /> & bull. Ingen skaver sömmar. </ P>",
MT07,luma_se_sv,Argus All-Weather Linne,"<P> Argus All-Weather Tank är säker på att bli din favorit baslager eller gå till lock för varma utomhus träning. Med sin subtila reflekterande säkert trim, du kan även bära den jogga på urbana kvällar. </ P>
<P> & bull; Mörkgrå polyester spandex tank <br /> & bull. Reflekterande detaljer för nattetid synlighet. <br /> & bull; Stash ficka <br /> & bull. Anti-skaver flatlocksömmar. </ P>",
MT08,luma_se_sv,Sparta Gym Linne,"<P> högpresterande Sparta gym Tank är gjord med tunna, lätta, merinoull och syftar till att vara den perfekta basskiktet eller ljumma vädret kör och fitness topp. </ P>
<P> & bull; Grön polyester tank <br /> & bull. Ultralätt <br /> & bull. Naturligtvis luktresistenta <br /> & bull. Nära till kropp kroppsnära passform <br /> & bull. Skaver beständig flatlocksömmar. </ P>",
MT09,luma_se_sv,Sinbad Fitness Linne,"<P> Solid i färg och konstruktion, 100% bomull väva Sinbad Fitness Tank rör sig med dig när du trycker på håll, crunch och steg vägen till den ultimata dig. </ P>
<P> & bull; Teal polyester tank <br /> & bull. Premium fit linne <br /> & bull. Ultralätt <br /> & bull. Naturligt luktbeständig. </ P>",
MT10,luma_se_sv,Tiberius Gym Linne,"<P> Oavsett om du är elegant eller bara svettiga hjälper Tiberius gym Tank du ser bra när du ändå håller på. Vad mer, dess fukttransporterande, snabbtorkande, antimikrobiella och anti-lukt konstruktion att säkerställa du välkommen tillbaka till gymmet. </ P>
<P> & bull; Gul urringning bomull tank <br /> & bull. Bekväm, avslappnad passform <br /> & bull. . 55% hampa / 45% Organic Cotton <br /> & bull; Pesticide- och ogräsmedel fria hampa. </ P>",
MT11,luma_se_sv,Atlas Fitness Linne,"<P> Från helgen krigare till krigare utgör II, någon roll kan slå Atlas Fitness Tank, en mångsidig topp för gym och yoga studio. Uppsugning-väv mjukt tyg hjälper till att förhindra obehagligt skav. </ P>
<P> & bull; Teal urringning bomull tank <br /> & bull. Triblend, mjukt tyg <br /> & bull. Avslappnad passform. </ P>",
MT12,luma_se_sv,Cassius Sparring Linne,"<P> Om du är uppe mot en partner eller klockan är Cassius Sparring Tank i ditt hörn, flytta enkel med din kropp. Ljuset och lös känsla ger dig ingen anledning att ge upp innan klockan eller i slutet av blocket. </ P>
<P> & bull; Kungliga crewneck bomull tank <br /> & bull. Kontrast sömmar <br /> & bull. Själv tyg bindning mot halsen <br /> & bull. Slim fit <br /> & bull. 96% Merino / 4% LYCRA®. </ P>",
MP01,luma_se_sv,Caesar Warm-Up Joggingbyxor,"<P> Kommando din träning och hålla dina muskler smidig i Caesar Warm-Up Trouser. Engineered Cooltech ™ tyg transporterar bort fukt så att du inte behöver oroa sig för svett och obehag. Dragsko-justerbar midja bidrar till att dina byxor passar ordentligt. </ P>
<P> & bull; Ljusgrå ljung sticka raka ben byxor <br /> & bull. Avslappnad passform. <br /> & bull; Inseam:... 32"" <br /> & bull; Maskintvätt / torr <br /> & bull; Cooltech ™ wicking tyg </ p>",
MP02,luma_se_sv,Viktor LumaTech™ Joggingbyxor,"<P> Du kommer att älska den nya Viktor LumaTech ™ Byxa med fjäder fleecetyg foder och stretchigt, svett transporterande material. Den ger toasty värme på åskådarplats eller i kallt väder utbildning, med reflekterande trim för en säker finish. </ P>
<P> & bull; Mörkgrå polyester / spandex raka ben byxor <br /> & bull. Resår i midjan och intern dragsko <br /> & bull. Avslappnad passform. <br /> & bull; Maskintvätt / torr. </ P>",
MP03,luma_se_sv,Geo Isolerad Joggingbyxor,"<P> I den kalla, även de tuffaste killarna rysning, såvida de inte är i Geo Insulated Jogging Trouser. Lätt och vind resistenta, de blockerar brutala vindbyar och värm dig till benet. Andningsbar mesh håller dem torka på insidan. </ P>
<P> & bull; Svart polyester spandex byxor med dragkedja fickor <br /> & bull. Reflekterande säkerhets accenter. <br /> & bull; Loose fit <br /> & bull. On-söm fickor. <br /> & bull; 8"" ben blixtlås. 32"" innersöm. <br /> & bull; Maskintvätt / torr. </ P>",
MP04,luma_se_sv,Supernova Sport Joggingbyxor,"<P> Vänd hörnet och öppna upp - din uppfart är två kvarter bort. Supernova Sport Byxa får du där med viktiga funktioner som fukttransporterande LumaTech ™ tyg och mesh ventilation. Sidsömmen fickor säkerställa total bekvämlighet under viloperioder. </ P>
<P> & bull; Mörk ljung grå raka ben bomullsbyxor <br /> & bull. Avslappnad passform. <br /> & bull; Intern dragsko. <br /> & bull; Maskintvätt / torr. </ P>",
MP05,luma_se_sv,Kratos Gym Joggingbyxor,"<P> Som det namne gud styrka, Kratos Gym Trouser hjälpa dig ta ditt bästa för att björn på viktbaserad, plyometric och uthållighetsträning. De sträcka och stöd i alla de rätta ställena samtidigt ultralätt konstruktion och fukttransporterande teknik ger komfort. </ P>
<P> & bull; Navy bomull raka ben byxor <br /> & bull. Avslappnad passform. <br /> & bull; 2 sida-söm fickor. <br /> & bull; Intern dragkedja. <br /> & bull; Dragsko midjan. <br /> & bull; Maskintvätt / torr. </ P>",
MP06,luma_se_sv,Mithra Warmup Joggingbyxor,"<P> När du inte är säker på att du håller på med vädret, don den Mithra Warmup Byxa för en förtroende uppsving. Dess super, stretchig tyg och fleece-finish hjälp prep dina muskler och lätta ditt sinne. Utformad för avslappnad, lätt slitage passform med praktiska fotled blixtlås. </ P>
<P> & bull; Ankel blixtlås <br /> & bull. Elastiskt midjeband med dragsko <br /> & bull. Dubbla handfickor <br /> & bull. Reflekterande element för svagt ljus säkerhet. </ P>",
MP07,luma_se_sv,Thorpe  Träningsbyxor,"<P> Trettio graders temps är kyligt för de flesta, utom när du är i Thorpe Track byxor. Dessa top-of-the-line spårbottnarna är tillverkade av snabbtorkande, väderbeständig väv med en inre andningsbar skikt av mask nylon för att transportera bort fukt. </ P>
<P> & bull; Fuktöverföringsegenskaper. <br /> & bull; 7% sträckning <br /> & tjur.; Reflekterande säkerhets trim <br /> & bull. Elastisk dragsko midjan. </ P>",
MP08,luma_se_sv,Zeppelin Yoga Byxor,"<P> Klättra varje berg, eller hålla varje pose i allrengöringsmedel Zepellin Yoga byxa. Med sin tunna fleece interiör och jämnt skikt vänliga ytan får du all den komfort och mångsidighet du behöver. </ P>
<P> & bull; Smooth exteriör för enkel över skiktning <br /> & bull. Borstad fleece interiör isolerar och vekar. <br /> & bull; Ingen roll elastisk linning med inre dragsko <br /> & bull. Skaver beständig flatlocksömmar. </ P>",
MP09,luma_se_sv,Livingston All-Purpose Tights,"<P> Det är inte ofta att byxorna fungera som en yoga stapelvara och en klättring kompis. Livingston All-Purpose Tight görs med mjuk, 11% bomull och nylon polymer stretch konstruktion som låter dig att hitta rätt vinkel i studion eller på bergssidan. </ P>
<P> & bull; Andas stretch ekologisk bomull / spandex <br /> & bull. Kompressions fit <br /> & bull; Dold nyckelficka <br /> & bull; Elastisk midja med intern dragsko. </ P>",
MP10,luma_se_sv,Orestes Yoga Joggingbyxor,"<P> Orestes Yoga Trouser är en yoga grundläggande som upprätt nybörjare yogin långt in experten steget. Ekologisk hållbar bomull och 9% stretch Spandex låta kroppen böja din vilja medan ditt samvete stannar klar. </ P>
<P> & bull; En yoga viktigt <br /> & bull. Andas stretch ekologisk bomull / spandex <br /> & bull. Standard Fit. </ P>",
MP11,luma_se_sv,Aether Gym Byxor,"<P> Aether gym Trouser är byggd för studion, men anpassar mycket väl till utomhus och gym omgivning också. Med lätt stretch och vattenavvisande yttre är Aether redo för alla uppstickare. </ P>
<P> & bull; Byxor / shorts cabriolet <br /> & bull. Lättviktsfukttransporterande. <br /> & bull; Vattenavvisande <br /> & bull. Bälte i midjan. </ P>",
MP12,luma_se_sv,Cronus Yoga Joggingbyxor,"<P> Killar som älskar yoga love this allrengöringsmedel yoga byxa. Utformade för yoga, gym och vardagsrum, är Kronos Yoga Trouser ett löst sittande, klassisk stil byxa tillverkad i en lätt blandning av bomull, återvunnen polyester och en touch av Spandex för brottöjning. </ P>
<P> & bull; Dragsko i midjan <br /> & bull. Loose, raka ben passform <br /> & bull. Lättviktsbomullsvunnen blandning <br /> & bull. Framfickor med sy detalj <br /> & bull. Elastisk fotled. </ P>",
MSH01,luma_se_sv,Cobalt CoolTech™ Fitness Shorts,"<P> Det är inte rocket kirurgi: det varmare dina villkor, desto mer behöver för att hålla cool. Det är därför Cobalt Cooltech ™ Fitness Short funktioner inbyggda teknik och sido perforeringar som håller dig ventilerade och bekväm för avståndet. Den elastiska midjan lovar en personlig passform. </ P>
<P> & bull; Ljusblå nylon shorts <br /> & bull. Avslappnad passform. <br /> & bull; 5"" inseam <br /> & bull;.. Maskintvätt / torr </ p>",
MSH02,luma_se_sv,Apollo Running Shorts,"<P> Fleet av mul eller långsam och stadig, du kommer att vara i total komfort med Apollo ont. Lättviktspolyestermaterial kan du flytta med lätthet och mesh sidopaneler lovar gott om ventilation när du arbetar upp en svett. Den töjbara elastiska midjebandet ger en flexibel plats. </ P>
<P> & bull; Svarta shorts med gröna accenter <br /> & bull. Sidofickor. <br /> & bull; 4"" inseam <br /> & bull;.. Maskintvätt / torr </ p>",
MSH03,luma_se_sv,Meteor Workout Shorts,"<P> Steg i Meteor Workout Short för en otroligt lätt fitness erfarenhet. Dess andas konstruktion och en inre kort ger ytterligare komfort och stöd, medan de justerbara linning erbjuder den perfekta passformen för att ta dig till målet. </ P>
<P> & bull; Kungsblå shorts med ljusblå accenter <br /> & bull. Inredning dragsko i midjan. <br /> & bull; 7"" inseam <br /> & bull;.. Maskintvätt / torr </ p>",
MSH04,luma_se_sv,Torque Power Shorts,"<P> Ta en tur i Vridmoment Effekt Kort och njuta av smidig, rörelse vänliga stretch och svett transporterande, UV-skyddande material. Du stannar svalt, torrt och strömförande miles senare. </ P>
<P> & bull; Ljusgrå shorts <br /> & bull. Inbyggt design. <br /> & bull; Resår i midjan. <br /> & bull; Platt-sömmar. <br /> & bull; 7"" inseam <br /> & bull;.. Maskintvätt / torr </ p>",
MSH05,luma_se_sv,Hawkeye Yoga Shorts,"<P> Vad mer vill du behöver än en sportig yoga kort gjort med ekologisk bomull och lite spandex för rörlighet? Den Hawkeye Yoga Short ger en elegant, standard passform du kan idrotten med tillförsikt utanför studion. </ P>
<P> & bull; Mörka gråa shorts med röda accenter <br /> & bull. 92% ekologisk bomull 8% Spandex <br /> & bull. Andas stretch ekologisk bomull <br /> & bull. Mediet = 8,0"" (21.0cm) inseam. </ P>",
MSH06,luma_se_sv,Lono Yoga Shorts,"<P> Vissa shorts är & ldquo; allrengöringsmedel & rdquo; medan Lono Yoga Short har ett enda syfte: yoga. Mjuk och flexibel yttre materialet rör sig med kroppen, och en säker, integrerad boxer liner ger dig extra självförtroende som du trycker din kropp till de yttre gränserna. </ P>
<P> & bull; Mörka gråa shorts med mesh accenter <br /> & bull. Ultra flexibelt fyrvägs stretch <br /> & bull. Flatlocksömmar och linning <br /> & bull. Två fickor, falska flyga <br /> & bull. Nylon / Lycra yttre, Polyester / Lycra inre. </ P>",
MSH07,luma_se_sv,Rapha Shorts,"<P> För dem på väg att svettas, stödjer vi dig med Rapha Sports Short. Kompressionen-fit liner omger musklerna med stimulans de behöver för att hitta din hög växel, medan fukttransporterande funktionsmaterial hjälper förhindrar svett uppbyggnad. </ P>
<P> & bull; Svarta shorts med kungliga accenter <br /> & bull. Komprimering liner. <br /> & bull; Inseam:.. 8"" <br /> & bull; Maskintvätt / torr </ p>",
MSH08,luma_se_sv,Orestes Fitness Shorts,"<P> Du är ute ursäkter att inte köra, hiss, eller spela när du äger ett par av Orestes Fitness Short. Du kommer inte klaga på högpresterande polyester transporterande tyg, reflekterande säkerhets trim eller sömlös inbyggd komfort kort heller. </ P>
<P> & bull; Svarta shorts med mörkgrå accenter <br /> & bull. Elastiskt midjeband med inre dragsko <br /> & bull. Ventilerande mesh detaljer <br /> & bull. 100% polyester och återvunnen polyester <br /> & bull.; Maskintvätt kallt, torktumling låg. </ P>",
MSH09,luma_se_sv,Troy Yoga Shorts,"<P> Den mångsidiga, allrengöringsmedel Troy Yoga Short är knä-lengthed med en elastisk linning med dragsko, vilket gör det bekvämt flexibel. Den borttagbara LumaTech ™ wicking liner är också bakterier som är resistenta. </ P>
<P> & bull; Navy polyester kritstreck shorts <br /> & bull. Väv med måttlig stretch <br /> & bull. 62% bomull / 34% nylon / 4% spandex <br /> & bull.; LumaTech ™ foder. </ P>",
MSH10,luma_se_sv,Sol Aktiva Shorts,"<P> Du ska låta din rädsla gå och driva dina gränser i ditt nya Sol Active Short. Terar ultra andningsbar funktionsmaterial och en platt komfort-fit midjebandet, är Sol Aktiv Short perfekt för högintensiva kretsar eller hög värme bikram. </ P>
<P> & bull; Ljusblå jersey shorts mask detalj <br /> & bull. . 87% Spandex 13% Lycra <br /> & bull; Maskintvätt kallt, torktumling låg <br /> & bull. Överlägsen prestanda tyg <br /> & bull. Flat-lock sömmar. </ P>",
MSH11,luma_se_sv,Arcadio Gym Shorts,"<P> Arcadio gym kort är en grundläggande utseende stycke med mycket mer än möter ögat: Casual-ännu-funktionella avslappnad passform, bekväm linning och justerbar dragsko. Allt du behöver, plus mycket mer. </ P>
<P> & bull; Kungsblå bomull shorts <br /> & bull. Inbyggd mesh kort. <br /> & bull; . 87% Spandex 13% Lycra <br /> & bull; Justerbar dragsko. </ P>",
MSH12,luma_se_sv,Pierce gym shorts,"<P> Pierce Gym Short liknar vår Arcadio Gym Short, men utformad med en monterad, avsmalnande utseende. En platt linning med en justerbar dragsko tillägger komfort, med fickor med blixtlås för säker, enkel lagring. </ P>
<P> & bull; Mörkrött bomull shorts. <br /> & bull; 87% Supplex, 13% Lycra <br /> & tjur.; Justerbar dragsko midjeband <br /> & bull. Inbyggd mesh kort <br /> & bull. Maskintvätt kallt, torktumling låg. </ P>",
WH01,luma_se_sv,Mona Hoodie,"Vare sig du är ute efter energigivande aktivitet eller iögonfallande kläder, är Mona Tröja vad du vill. Du kommer att hålla värmen och titta på modet, var du än är <br /> <br /> & bull. Ljusgrön heathered hoodie. <br /> & bull; Långärmad, pullovrar <br /> & bull. Lång elliptisk fåll för extra täckning <br /> & bull. Djup knappslå för lager på lager <br /> & bull. Dubbel rib konstruktion <br /> & bull. Mellanlager, mid vikt <br /> & bull. 98% Merino Ull / 2% Spandex",
WH02,luma_se_sv,Hera Hoodie,"<P> Gör dig redo att styra studion och dominerar yogamattan i Hera Pullover, en mysig ändå elegant utseende för alla nivåer av yogi. </ P>
<P> & bull; Teal med lila stiching <br /> & bull. Hoodie pullover <br /> & bull. Tät passning. </ P>",
WH03,luma_se_sv,Autumn Tröja,"<P> Med supermjuk fleece tyg och en atletisk design, våra kort ärm hösten Pullie levererar en bekväm passform som gör det en vardaglig viktigt. En lyxig roll halsen skyddar dig från elementen. </ P>
<P> & bull; Cayenne Kortärmad roll neck tröja. <br /> & bull; Avslappnad passform. <br /> & bull; Korta ärmar. <br /> & bull; Maskintvätt / torr. </ P>",
WH04,luma_se_sv,Miko Hoodie,"<P> Efter kvalitet gym tid, sätta på Miko Pullover Hoody och hålla kroppen varm. Du hittar det är på modet nog för gatorna, men bekväma nog att koppla in hemma. </ P>
<P> & bull; Teal tvåfärgade hoodie <br /> & bull. Låg halsringning <br /> & bull. Justerbar huva snören <br /> & bull. Längre rundad nertill för extra bak täckning <br /> & bull. Långärmad stil. </ P>",
WH05,luma_se_sv,,"<P> Selene Yoga Hoodie tar dig till och från studion i semi figursydd komfort. Snug, eleganta konturer lägga mode att fungera i denna fritt rörliga yoga uppvärmnings tröjan. </ P>
<P> & bull; Ivory ljung dragkedja 3/4 ärm hoodie <br /> & bull. Zip ficka arm för praktisk förvaring <br /> & bull. 24,0"" kroppslängd <br /> & bull;.. 89% polyester / 11% Spandex </ p>",
WH06,luma_se_sv,,"<P> Daphne hoodien är en attraktiv men robust skiktning eller yttre delen, särskilt för kyliga dagar väg studion, gör yardwork eller njuta utomhusaktiviteter. </ P>
<P> & bull; Lila dragkedja hoodie med rosa accenter. <br /> & bull; Heather konsistens <br /> & bull. 4-vägsstretch <br /> & tjur.; Pre-krympta <br /> & bull. Hood klädda i vegan Sherpa för extra värme <br /> & bull. Räfflade nertill på motorhuven och främre ficka <br /> & bull. 60% Bomull / 40% Polyester. </ P>",
WH07,luma_se_sv,Phoebe Zipper Tröja,"<P> Ett sofistikerat lager av värme väntar dig i vår fulla-zip jacka jacka. Du kommer att nå för en i varje säsong för att njuta av dess robusta yttre och plysch interiör. </ P>
<P> & bull; Grå dragkedja hoodie med gul detalj <br /> & bull. Hand varmare fickor. <br /> & bull; Zip MP3 ficka med uttag för hörlurar tråd. <br /> & bull; Polyester Bomull. <br /> & bull; Tvättbar. </ P>",
WH08,luma_se_sv,Cassia Funnel Tröja,"<P> De tillfälliga Cassia Funnel tröja sport främre vinklade fickor och en dragsko stretch tratt hoodie. En kåpa främre nack par med ett tagless etikett vid nacken. </ P>
<P> & bull; Vit fullt zip hoodie med grå detaljer <br /> & bull. 65% bomull / 28% nylon / 7% Spandex <br /> & bull.; Fram snedstreck fickor <br /> & bull. Tagless etikett vid nacken. </ P>",
WH09,luma_se_sv,Ariel Roll Sleeve Tröja,"<P> Mjuk, snygg och diskret, Ariel Roll Sleeve tröjan är en nyanserad fitness plagg för alla tillfällen. Det fungerar lika bra som ett träningspass stycke eller i en informell social miljö. </ P>
<P> & bull; Purple tvåfärgade lätt hoodie. <br /> & bull; 100% bomull <br /> & bull. Justerbara rullhylsor för lång Sleeve eller 3/4 ärm <br /> & bull. Casual, bekväma bit för att köra ärenden eller helgaktiviteter. </ P>",
WH10,luma_se_sv,,"<P> Använd denna hoodie efter gymmet eller före ett kyligt väder cykeltur. Hursomhelst, denna mångsidiga sweatshirt erbjuder ett enkelt tilltalande siluett och en super-bekväm passform. Släta, tänjbar väv skapar smickrande form, under det att full zip knappslå och huva hjälp blocket byiga vindar. </ P>
<P> Full dragkedja. <br /> Banded muddar och midja. <br /> Framfickor. <br /> Maskintvätt / torr. </ p>",
WH11,luma_se_sv,,"<P> Att få kyliga innan klassen startar? Bär Eos på väg till och från yoga till en söt och mysig uppvärmning bit. Reach för sin tillförlitlig komfort och njuta av en supermjuk blandning av tyger färdiga i sportig stil som innehåller en dold känguruficka. </ P>
<P> Semi-monterade. <br /> lång ärm. <br /> Maskintvätt / linje torr. </ p>",
WH12,luma_se_sv,,"<P> Håll rysningar i schack med Circe Hooded Ice Fleece. Ultra-tjockt, fångar hög lugg fleece din kroppsvärme och håller kallt ute. Dragsko huva och ribbade detaljer lägga till extra mysigt och inslag av klassisk stil. Dess avslappnad passform är lös nog att lagret bekvämt över din skjorta. </ P>
<P> Full-zip front. <br /> Tre-panel huva. <br /> Flatlock sömmar hela. <br /> Welt handfickor. <br /> Maskintvätt / torr. </ p>",
WJ01,luma_se_sv,Stellar Solar Jacka,"<P> Beat värmen och skydda dig från solens strålar med Stellar Solar Jacket. Den är laddad med alla de tekniska funktioner du behöver för en intensiv, säker utomhus träning. 100% UV-skydd, en andas perforerad konstruktion och avancerad fukttransporterande teknik </ p>
<P> & bull; Lös passform. <br /> & bull; Reflektivitet. <br /> & bull; Platta sömmar. <br /> & bull; Maskintvätt / torr <br /> & bull. Djupt rosa jacka med frontpanelen rouching </ p>",
WJ02,luma_se_sv,Josie Yoga Jacka,"<P> När en snar framtid inkluderar yoga, mysiga komfort Josie Yoga Jacket får din kropp och själ redo. Tänjbar Cooltech ™ tyg med blixtlås fickor gör denna jackan rätt växel för studio tid eller teatime efter. </ P>
<P> & bull; Slate Rouched ringad tröja <br /> & bull. Fukttransporterande tyg <br /> & bull. Dold dragkedja <br /> & bull. Mesh armhåla avluftning <br /> & bull. Tappade bakre nederkant. </ P>",
WJ03,luma_se_sv,Augusta Pullover Jacka,"<P> Det är svårt att vara obekväm i Augusta Pullover Jacket med och frac14; blixtlås. Med en otroligt mjukt fleecefoder och texturerat yttertyg, erbjuder ett tillförlitligt skydd mot elementen och en mysig passform samt. </ P>
<P> & bull; Rosa halv-zip pullover. <br /> & bull; Fram påse fickor. <br /> & bull; Vik-down krage. </ P>",
WJ04,luma_se_sv,Ingrid Löparjacka,"<P> Ingrid Running Jacket kombinerar elegant design och höga prestanda med smal, konturerad passform och fukttransporterande tyg. Den har en full-zip konstruktion och en krage hals för att hålla elementen ut och kroppsvärme i <br /> & bull. Slim fit. <br /> & bull; Fukttransporterande tyg. <br /> & bull; Två sidofickor. <br /> & bull; Ficka med dragkedja på baksidan midjan. <br /> & bull; Maskintvätt / torr <br /> & bull. Ivory specked fullt zip </ p>",
WJ05,luma_se_sv,Riona Full-Zip Jacka,"<P> Riona Basic jacka gör den perfekta extra lager för kallt väder träning. Den har fantastiska andningsförmåga och fuktkontroll, men hellång dragkedja kan du moderera kärntemperatur ännu mer. </ P>
<P> & bull; Brunmelerad dragkedja Rouched jacka <br /> & bull. Sidohandfickor för extra lagringsutrymme <br /> & bull. Hög krage <br /> & bull. Tjock manschetter för extra täckning <br /> & bull. Hållbart, formbibehållande material för längre slitage. </ P>",
WJ07,luma_se_sv,Inez Full-Zip Jacka,"<P> Inez Full Zipjacka är mer än en söt skikt. Det är en full-on tech konstigt att du kommer att använda för utomhusbruk, före och efter träningen. Du kommer att älska hur den markerade dragkedja och ärm säkerhet trim skydda och fånga utseende. </ P>
<P> & bull; Lila ljung infälld fullt jacka <br /> & bull. Full zip hoodie <br /> & bull. Kontrast bindning längs dragkedjan, huva och ärmar <br /> & bull. Inseam fickor för förvaring <br /> & bull. Tumhål för bekväm passform. </ P>",
WJ08,luma_se_sv,Adrienne Vandringsjacka,"<P> Du är redo för en cross-country jog eller en kopp kaffe på altanen i Adrienne Trek Jacket. Dess stil är unik med stativ krage och dragband, och det passar som en jacka ska. </ P>
<P> & bull; grå 1/4 zip pullover <br /> & bull. Bekväm, avslappnad passform <br /> & bull. Blixtlås för avluftning <br /> & bull. Rymliga, kängurufickor <br /> & bull. 27"" kroppslängd <br /> & bull;.. 95% Ekologiskt Bomull / 5% Spandex </ p>",
WJ09,luma_se_sv,Jade Yoga Jacka,"<P> <br /> Om bara alla dina andra jackor var lika bekväma som den avslappnade-fit Jade Yoga Jacket, perfekt för användning under sträckning, cykla till och från studion eller promenera på blåsig höstdagar. </ P>
<P> & bull; Seafoam 1/4 zip pullover med lila sömmar <br /> & bull. Lätt, snabbtorkande, vattenavvisande konstruktion <br /> & bull. Veckade detaljer fram och tillbaka för en feminin look <br /> & bull. Hood kollapsar i kragen <br /> & bull. Mesh liner för andningsförmåga <br /> & bull. Front zip fickor <br /> & bull. Hem cinches vid sidsömmen <br /> & bull. 100% Polyester. </ P>",
WJ10,luma_se_sv,Nadia Elements Shelljacka,"<P> Skydda dig mot vind och regn i den eleganta Nadia Elements Shell. Det stöter bort vatten med användning av hydro-resistent tyg, med fleecefoder som ger en touch av värme. Den är klar med fet kontrast blixtlås, justerbara muddar och en huv. </ P>
<P> & bull; Blixtlås fram. <br /> & bull; Blixtlåsförsedda sidofickor. <br /> & bull; Dragsko-justerbar midja och huva. <br /> & bull; Maskintvätt / linje torr <br /> & bull.; Ljusblå 1/4 zip pullover. </ P>",
WJ11,luma_se_sv,Neve Studio Dance Jacka,"<P> Om du är ständigt på resande fot, är Neve Studio Dance Jacket för dig. Det är inte bara för dans, antingen med en tät passning som fungerar som ett mellanlager. Den reversibla designen gör det ännu mer mångsidig. </ P>
<P> & bull; Klarblå 1/4 zip pullover <br /> & bull. Cooltech ™ liner är svett transporterande <br /> & bull. Sleeve tumhål <br /> & bull. Zipper garage för att skydda hakan <br /> & bull. Tänjbar krage dragsko. </ P>",
WJ06,luma_se_sv,Juno Jacka,"<P> På kallare än bekväm morgnar, kommer du att älska värmer upp i Juno All-Ways trädan Jacket, ämnad för att konkurrera med vind och kyla. Inbyggd Cocona® teknik underlättar avdunstning medan en speciell zip knappslå och stand-up collar hålla nacken skyddas. </ P>
<P> & bull; Justerbar huva </br> & bull. Fleecefodrade, blixtlås handfickor </br> & bull. Thumbhole manschetter </br> & bull. Full zip </br> & bull. Mock-neck krage </br> & bull. Maskintvätt / torr. </ P>",
WJ12,luma_se_sv,Olivia 1/4 Zip Ljus Jacka,"<P> springa ärenden eller på väg till gymmet, du bara vill vara bekväm. Olivia ljus jacka löften som, plus en avspänd look. Denna zip-up är utformad med axel ränder för en atletisk touch och bandad midjan och kontur sömmar för en smickrande silhuett. </ P>
<P> & bull; Loose fit </br> & bull. . Reflektions </br> & bull; Platta sömmar </br> & bull. Maskintvätt / torr. </ P>",
WS02,luma_se_sv,,"<P> Luma mest populära topp är Gabrielle Micro Sleeve tillbaka med ännu mer komfort och stil. </ P>
<P> & bull; Limegrön v-ringad t-shirt <br /> & bull. Bantning, smickrande passform <br /> & bull. Fukttransporterande, snabbtorkande, antimikrobiella och anti-lukt konstruktion <br /> & bull. Längre böjd fåll ger ytterligare täckning <br /> & bull. 55% hampa / 45% bomull. </ P>",
WS03,luma_se_sv,,"<P> Iris Workout Top är sleeveless, kroppspassning och fukttransporterande för en modern, funktionell plagg. Rouched texturer lägga stil. </ P>
<P> & bull; Rosa heather Rouched v-ringad <br /> & bull. Halsringning <br /> & bull. Vinklade flata sömmar <br /> & bull. Fukttransporterande <br /> & bull. Body skimming <br /> & bull. 83% polyester / 11% TENCEL® Lyocell / 6% Lycra® Spandex. </ P>",
WS04,luma_se_sv,Layla T-Shirt,"<P> Träna eller umgås i chic stil i Layla T-tröja. Med en lätt ren design och en rymlig halsen, denna T-shirt passar dig bekvämt medan du tittar snygg. </ P>
<P> & bull; Kricka t-shirt <br /> & bull. Länge tillbaka hem <br /> & bull. Tappade axlar. </ P>",
WS06,luma_se_sv,Elisa EverCool™ T-Shirt,"<P> När stigande temps hotar att smälta ner dig, ger Elisa Evercool ™ T-tröja allvarliga lättnad. Fukttransporterande tyg drar svett bort från huden, medan innovativa sömmarna krama dina muskler för att förbättra din rörelseomfång. </ P>
<P> & bull; Lila ljung v-ringad t-shirt <br /> & bull. Short-ärmar <br /> & bull. Luma Evercool ™ material. <br /> & bull; Maskintvätt / linje torr. </ P>",
WS07,luma_se_sv,Juliana Kortärmad T-shirt,"<P> Juliana kortärmad T-tröja ger dig mer än sportig stil. Tänk på att dess mjuka Cocona® polyestertyg accelererar avdunstning för att hålla dig torr och bekväm också. Och ett urval av färger kan du få mer än en. </ P>
<P> & bull; Svart urringning t-shirt <br /> & bull. Sido rouching <br /> & bull. Avslappnad passform. </ P>",
WS08,luma_se_sv,Minerva LumaTech™ V-Neck T-Shirt,"<P> Låt dig inte luras av den enkla utformningen av vår Minerva LumaTech ™ V-ringad t-shirt. Denna klassiska tränings topp har samma allvarliga svett transporterande teknik som några av de dyrare t-shirts i vår uppställning. </ P>
<P> & bull; Marinblå ljung mjuk v-ringad t-shirt <br /> & bull. Flatlock sömmar för skaver komfort <br /> & bull. Avslappnad cut <br /> & bull. Ultralätt tyg <br /> & bull. Maskintvätt / torr. </ P>",
WS09,luma_se_sv,Tiffany Fitness T-Shirt,"<P> Du kommer att arbeta ut och se söt göra det på kort ärm Tiffany Fitness T-tröja. Den längre längden och monterade skuren erbjudande en slätare silhuett, medan scoop hals mönster och draperingseffekter ge en trendig touch. </ P>
<P> & bull; Teal mjuk urringning <br /> & bull t-shirt. Kontrast sy mönster. <br /> & bull; Maskintvätt / torr. </ P>",
WS10,luma_se_sv,Karissa V-Neck T-Shirt,"<P> Karissa V-Neck T-tröja har en semi-monterade form som är smickrande för varje figur. Du kan slå på gymmet med tillförsikt när det kramar kurvor och hudar vanliga ""problem"" områden. </ P>
<P> & bull; Rosa ljung mjuk v-ringad t-shirt. <br /> & bull; Luma signatur mikro ärmar <br /> & bull. Semi-monterade. <br /> & bull; Maskintvätt / torr. </ P>",
WS11,luma_se_sv,Diva Gym T-shirt,"<P> Diva Gym T-shirt känns din favorit direkt ur brevlådan. Micro ärm, lätta och extra bekväm, det är en tillfällig häftklammer att hudar otrolig komfort bakom en avspänd, sorglös utseende. </ P>
<P> & bull; Ljusgul v-ringad t-shirt <br /> & bull. Fukttransporterande tyg. <br /> & bull; Långa ärmar. <br /> & bull; Maskintvätt / linje torr. </ P>",
WS12,luma_se_sv,Radiant T-Shirt,"<P> Så lätt och bekväm, kommer du att älska Radiant-tröja organiska material, känsla, prestanda och stil. Du kanske aldrig vill sluta röra sig i denna skjorta. </ P>
<P> & bull; Lax mjuk urringning t-shirt <br /> & bull. Atletisk, halvFormAnpassad <br /> & bull. Platta sömmar förhindrar skav <br /> & bull. 67% Organisk Bomull / 28% hampa / 5% Spandex. </ P>",
WS01,luma_se_sv,Gwyn Endurance T-Shirt,"<P> När miles lägga upp, är komfort avgörande. På kort ärm Gwyn Endurance T-shirt är utformad med en ultralätt blandning av andningsaktivt tyg för att hjälpa dig hantera din träning. Kvinna specifika sömmar och en sportig v-ringning erbjudande subtil stil. </ P>
<P> & bull; Short-ärmar <br /> & bull. Maskintvätt / linje torr. </ P>",
WS05,luma_se_sv,Desiree Fitness T-Shirt,"<P> När du är för långt för att vända tillbaka, tack själv för att välja Desiree Fitness T-tröja. Dess ultralätta, ultra andas vekar svett från kroppen och hjälper håller dig sval för avståndet. </ P>
<P> & bull; Short-ärmar <br /> & bull. Funktionsmaterial <br /> & bull. Maskintvätt / linje torr. </ P>",
WB01,luma_se_sv,Electra Behå Top,"<P> En himmelsk mjuk och elegant eco plagg är Electra Bra Top perfekt för att bära på egen hand som en varm yoga topp eller skiktas i en tank. </ P>
<P> & bull; Grå rouched bh topp <br /> & bull. Attraktiva tillbaka remmar funktionen kontrasterande motiv tyg <br /> & bull. Inredning bh topp är fodrad med ventilerande mesh <br /> & bull. Elastic UNDERBAND för överlägsen support <br /> & bull. Avtagbara kopp skär <br /> & bull. Skaver flatlocksömmar ger extra komfort. </ P>",
WB02,luma_se_sv,Erica Evercool Sport Behå,"<P> Perfekt för medel effekt träning, ger vår Erica Evercool ™ Sports Bra en lysande kombination av komfort och stil. Fukttransporterande teknik håller dig torr och smickrande hybridbrottarrygg utlovar ett oslagbart utbud av rörelse. </ P>
<P> & bull; Honeycomb ljusblå bh topp <br /> & bull. Elastisk fåll <br /> & bull. Förstärkt bindning. <br /> & bull; Maskintvätt / torr. </ P>",
WB03,luma_se_sv,Celeste Sports Behå,"<P> Oavsett dina mål för dagens träning, låter Celeste Sports behå du göra det i komfort och svalka, plus förbättrat stöd och formning. En effekt ihop tillbaka zon och fukttransporterande tyg att du alltid torr. </ P>
<P> & bull; Mint bra topp. <br /> & bull; Söm fria invändiga gjutna koppar <br /> & bull; Luktkontroll. <br /> & bull; UV-skydd. <br /> & bull; Maskintvätt / torr. </ P>",
WB04,luma_se_sv,Prima Compete Behå Top,"<P> Dra på Prima Tävla Bra Top och du kommer att älska tyget: mjuk, elastisk och ultralätt. Men du kommer också att älska brottarrygg cut, för friare rörelse genom alla dina atletiska bedrifter. <br /> `<br /> & bull; Colourblocked detaljer <br /> & bull. Maskintvätt / linje torr. </ P>",
WB05,luma_se_sv,Lucia Cross-Fit Behå,"<P> Att vara cool är en stor del av att vara bekväma, vilket är anledningen till Lucia Cross-Fit BH har fukttransporterande teknik samt mjuka, lätt tyg. </ P>
<P> & bull; Svart / vit bh topp. <br /> & bull; Kors och tvärs back design. <br /> & bull; Maskintvätt / torr. </ P>",
WT01,luma_se_sv,Bella Linne,"<P> Style, prestanda och komfort blanda upp det i Bella Tank. Med slående färgblock kontrast utrustat formuläret och en inbyggd behå, kommer du att stödjas och elegant på samma gång. </ P>
<P> & bull; Marinblå linne - bomull <br /> & bull;. Feminine halsringning <br /> & bull. Effekt meshfoder i hyllan behå för överlägsen support <br /> & bull. Mjuk, andas <br /> & bull. veke tyg för att vistelse sval och torr torr. </ p>",
WT02,luma_se_sv,Zoe Linne,"<P> Zoe Tank leder med iögonfallande fitness-pop utseende, hålla din studio stil uptrend. Den inre hyllan bh och mjuk, andas skapa ett linne som ser ut, känns och passar bra. </ P>
<P> & bull; Lax ljung linne <br /> & bull. Ett"" elastiskt band på inner bh <br /> & bull;. Mesh foder på hyllan bh för stöd <br /> & bull;. Mjuk, andas tyg <br /> & bull;.. Veke tyg för att vistelse sval och torr Torr </ p>",
WT03,luma_se_sv,Nora Träna Linne,"<P> en garderob gå till, Nora Practice Tank kan bäras vid eller efter träning eller under en baggy t-shirt för en avspänd stil. Perfekt passform och mycket bekvämt! </ P>
<P> & bull; Pink avskalade tank med sido rouching <br /> & bull. Pre-krympta <br /> & bull. Garment färgade <br /> & bull. 92% Organic Cotton / 8% Lycra. </ P>",
WT04,luma_se_sv,Nona Fitness Linne,"<P> Det spelar ingen roll om ditt mål är 5 miles eller en timmes Vinyasa, eftersom vår Nona Fitness Tank gör allt. Du behöver inte offra antingen - detta v-ringad topp har släta, skaver sömmar och en ventilerande mesh tillbaka insatsen. Söt, alltför. </ P>
<P> & bull; Blå / vit randig mesh tank <br /> & bull. Avslappnad passform. <br /> & bull; Skaver resistenta trimma runt ärmhål och krage. <br /> & bull; Maskintvätt / torr. </ P>",
WT05,luma_se_sv,,"<P> Leah Yoga Top erbjuder en praktisk och bekväm över som inte kommer att äventyra din stil. Kroppen kramas passform och inre hylla behå gör den lämplig för aktiva eller fritidsaktiviteter. </ P>
<P> & bull; Blå ljung Rouched linne <br /> & bull. Camisole linne <br /> & bull. Bandning och rynkning detaljer <br /> & bull. Body kramas fit <br /> & bull. Kontrast kantsticka <br /> & bull. Inredning hylla bh med shapewear teknik <br /> & bull. 65% Polyester 35% bomull. </ P>",
WT06,luma_se_sv,Chloe Compete Linne,"<P> Du har förtjänat din figur, så sval och låt den göra allt snacket i form monterade, elegant brottarrygg Chloe Tävla Tank. Utformad för total rörelseomfång och prestanda, är den Nona gjord med hög andningsförmåga nätväven. </ P>
<P> & bull; Kungsblå linne - nylon / spandex <br /> & bull. Flatlocksöm <br /> & bull. Fukttransporterande tyg. <br /> & bull; Ergonomiskt falsning. <br /> & bull; Maskintvätt / torr. </ P>",
WT07,luma_se_sv,Maya Tunika,"<P> Med anliggande sömmar och fukttransporterande förmåga, låter Maya tunika du träna i total komfort. </ P>
<P> & bull; Mintgrön ljung tunika stil tank. <br /> & bull; Wrapped tillbaka med utskuren detalj <br /> & bull. Dragsko detalj i slutet <br /> & bull. Anliggande sömmar. </ P>",
WT08,luma_se_sv,Antonia Racer Linne,"<P> Du kommer inte vet vad du gillar bäst om Antonia Racer Tank: mjuk, elastisk, lätt tyg? Super-söt colourblocked uppgifter? Vad det än är, är detta stycke noga med att snabbt flytta till toppen av din träning rotation. </ P>
<P> & bull; Maskintvätt <br /> & bull. Linje torr. </ P>",
WT09,luma_se_sv,Breathe-Easy Linne,"<P> Breathe Easy Tank är så mjukt, lätt och bekväm, du kommer inte ens vet att det är där - till dess högteknologiska Cocona® tyg börjar fuktspridande svett från kroppen för att hjälpa dig att hålla torr och fokuserad. Layer den över din favorit sport-bh och få flytta. </ P>
<P> & bull; Maskintvätt / torr <br /> & bull. Cocona® tyg. </ P>",
WP01,luma_se_sv,Karmen Yoga Damasker,"<P> Bra för löpning, vandring, slappa eller sträckning, i Cora Parachute Trouser presenterar bekväm styling utformad för att hjälpa dig ser ut och känns bra. </ P>
<P> & bull; Ljusblå fallskärm byxor <br /> & bull. Ström mesh interna linning för stöd <br /> & bull. Intern midjeband ficka <br /> & bull. Antimikrobiell finish. </ P>",
WP02,luma_se_sv,Emma Damasker,"<P> Dessa bekväma och praktiska benkläder ihop perfekt med någon träning topp eller casual t-shirt. Emma subtila kontrast tyg och passar att du är snygg utan överdriven det. </ P>
<P> & bull; Ljusblå ljung yoga byxor. <br /> & bull; Body kramas fit <br /> & bull. Låg upphov passform. </ P>",
WP03,luma_se_sv,Ida Träningsbyxor,"<P> Ida Workout Parachute Trouser är gjord av lätta, super mjukt tyg som håller dig bekväm under alla aktivitetsnivå, vare sig nedåt hund eller några spår miles. </ P>
<P> & bull; Kungsblå fallskärm byxor <br /> & bull. Kontrast rand <br /> & bull. Avslappnad passform. <br /> & bull; Dragsko stängning <br /> & bull. Maskintvätt / torr. </ P>",
WP04,luma_se_sv,Cora Träningsbyxor,"<P> Bra för löpning, vandring, slappa eller sträckning, i Cora Parachute Trouser presenterar bekväm styling utformad för att hjälpa dig ser ut och känns bra. </ P>
<P> & bull; Ljusblå fallskärm byxor <br /> & bull. Ström mesh interna linning för stöd <br /> & bull. Intern midjeband ficka <br /> & bull. Antimikrobiell finish. </ P>",
WP05,luma_se_sv,Sahara Damasker,"<P> Kontrast färger, full längd leggings, och opak, hög stretchtyget definierar Sahara. Platt-låsta sömmar och snabbtorkande fuktspridande egenskaper förhindrar skav. En djup elastiska midjebandet och noggrant positione seamlines skapa en smickrande silhuett. </ P>
<P> & bull; Pinstripe legging med Rouched vrister <br /> & bull. Secret ficka linning <br /> & bull. Platta sömmar för komfort <br /> & bull. Formad passform med låg upphov <br /> & bull. 4-vägsstretch, fukttransporterande material. </ P>",
WP06,luma_se_sv,,"<P> Perfekt för het bikram session eller nedvarvning sträckning. 8 procent stretch innebär att du kommer att känna som allt är möjligt i capri stil Diana Tights. </ P>
<P> & bull; Svart legging med skiffer detaljer <br /> & bull. Flat-lock, som inte skaver sidsömmar <br /> & bull. Ventilerade kil <br /> & bull. Secret innerficka <br /> & bull. Hållbar och återvunnet material. </ P>",
WP07,luma_se_sv,,"<P> räckvidd för stjärnorna och utanför i dessa Aeon Capri byxa. Med en mjuk, behaglig känsla och fukttransporterande tyg, dessa duo-tone leggings är lätta att bära - och slitage snyggt </ p>.
<P> & bull; Svarta capris med kricka accenter <br /> & bull. Tjock, 3"" smickrande midjeband <br /> & bull;.. Media ficka på inre linning <br /> & bull;. Torr veke finish för bästa komfort och torrhet </ p>",
WP08,luma_se_sv,,"<P> Black är tillbaka & ndash; var det någonsin gått? & Mdash; vilket innebär att alla dina favorit toppar kommer att få tillsammans med bekväm och mångsidig Bardot Capri. </ p>
<P> & bull; Svarta capris med rosa linning <br /> & bull. Beskurna leggings <br /> & bull. Linning dragsko. <br /> & bull; Flat, tunn och smickrande <br /> & bull. Tillverkad med organiska tyg. </ P>",
WP09,luma_se_sv,,"<P> Perfekt som träningsbyxor eller ""tillbehör"", den Carina Grund Capri är bekväma eftersom det är praktiskt -. Prova det under kjolar eller shorts </ p>
<P> & bull; Svarta capris med rouching detalj <br /> & bull. 93% bomull, 7% elastan <br /> & bull. Elastiskt midjeband <br /> & bull. Förstärkta sömmar med exponerade kantstickning <br /> & bull. Mjuk, medium-weight jersey med tillsatt stretch. </ P>",
WP10,luma_se_sv,Daria Bikram 3/4 Damasker,"<P> Daria Bikram Trouser är utformad för att sträcka och flytta med kroppen att göra extrema yoga extremt bekväm. </ P>
<P> & bull; Heather grey capris med rosa randiga midja <br /> & bull. Flatlock sömmar <br /> & bull. Innerficka. </ P>",
WP11,luma_se_sv,,"<P> Njut av en elegant, slendering titta på nya Silvia Capri. Dess engineer utformat stöd tyget känns bra och ger en illusion av en smalare passform. </ P>
<P> & bull; Grön randig capri <br /> & bull. Strategisk sidsömmen <br /> & bull; Comfort kil med foder <br /> & bull. Flat falsning <br /> & bull. Bred linning <br /> & bull. Fukttransporterande. </ P>",
WP12,luma_se_sv,,"<P> stärker din yoga med denna Deirdre avslappnad Fit Capri, utformad för att låta dig röra sig utan stam eller begränsning. </ P>
<P> & bull; Heather grey capris med mintgrön midja och accenter <br /> & bull. Bekväm, avslappnad passform med hög upphov <br /> & bull. Fukttransporterande, 4-vägs stretch konstruktion <br /> & bull. Fodrad med mesh för bättre stöd <br /> & bull. Dold ficka linning <br /> & bull. Flatlocksömmar och fodrad gren för komfort. </ P>",
WP13,luma_se_sv,,"<P> Från yoga i gryningen till kvällar uppkrupen med en bok, vår Portia Capri ger dig komfort och frihet att kryssning genom dagen. Den höga midja design håller du omfattas medan du böjer och stretching, medan kontrast ränder lovar en skvätt sportig stil. </ P>
<P> & bull; Lax ljung capri svettningar <br /> & bull. Avslappnad passform, hög midja. <br /> & bull; Inseam: 21"" <br /> & bull; Wide elastiskt midjeband <br /> & bull; Maskintvätt / torr </ p>...",
WSH01,luma_se_sv,Fiona Fitness Shorts,"<P> Låt inte den vanliga stil lura dig: Fiona Fitness Short kräver meddelande på flera nivåer. Komfort, naturligtvis. Men också en prestationsgrad fuktspridande tyg som tar allt du kan ge. </ P>
<P> & bull; Svart kör shorts <br /> - bomull / spandex <br /> & bull;. 5 & ​​rdquo; inseam <br /> & bull. Maskintvätt / Linje torr. </ P>",
WSH02,luma_se_sv,Maxima Dragsko Shorts,"<p> Även avslappnade kvinnor vill bo snygg, och det är precis vad Maxima dragsko Short levererar. Resår i midjan håller passar flexibel på däck hemma eller på ett spår promenad. Sportig tennis stil ger en atletisk accent. </ P>
<P> & bull; Ljusgrå kör shorts <br /> - bomull polyester. <br /> & bull; Kontrast bindning. <br /> & bull; 3"" inseam <br /> & bull;.. Maskintvätt / torr </ p>",
WSH03,luma_se_sv,Gwen Dragsko Cykelshorts,"<P> För en helt modern stil med fukttransporterande Cooltech ™ -teknik, prova Gwen Dragsko Bike Short. Subtila grått och iögonfallande sy kombineras med en justerbar midja för perfekt utseende och passform. </ P>
<P> & bull; Mörk ljung grå rouched cykel shorts <br /> & bull. Inpassad. Inseam:.. 2"" <br /> & bull; Maskintvätt / torr </ p>",
WSH04,luma_se_sv,Artemis Löpabyxor,"<P> Upptäck smidig jogging och chic komfort varje gång du glida in i Artemis ont. Ett unikt maritimt inspirerad design och oolor tema har en tänjbar dragsko i midjan. </ P>
<P> & bull; Svarta rouched shorts med mynta midjan. <br /> & bull; Mjuk, lättviktskonstruktion <br /> & bull. LumaTech ™ fuktspridande teknik <br /> & bull. Semi-monterade. </ P>",
WSH05,luma_se_sv,Bess Yoga Shorts,"<P> Konstruerad för intensiv fysisk aktivitet & ndash; tror bikram & ndash; vår Bess Yoga Short har fukttransporterande, fyrvägs stretch som låter dig flytta på alla sätt. En ventilerad kil tillför andningsbarhet och rörelseomfång. </ P>
<P> & bull; Navy bomullsshorts med ljus bue midjan detalj <br /> & bull. Front rynkas midjeband <br /> & bull. Flat-lock, som inte skaver sidsömmar <br /> & bull. Ventilerade kil <br /> & bull. Dold innerficka <br /> & bull. Hållbar och återvunnet material. </ P>",
WSH06,luma_se_sv,Angel Light Löpabyxor,"<P> The Angel ljus ont erbjuder komfort i ett ultralätt, andas paket. Med tyg fylld med alla naturliga Cocona® prestanda teknik kan det vispa bort svett och blockera UV-strålar. </ P>
<P> & bull; Mörk ljung grå löparbyxor <br /> & bull. Passform. <br /> & bull; Resår i midjan. <br /> & bull; Cocona® funktionsmaterial. <br /> & bull; Maskintvätt / torr. </ P>",
WSH07,luma_se_sv,Echo Fit Kompression shorts,"<P> Dina muskler vet att det går Time det andra du dra i Echo Fit Compression Short. En balans mellan fast, stimulerande squeeze med andningsförmåga, erbjuder stöd och komfort du behöver för att ge er alla. </ P>
<P> & bull; Svart komprimering shorts <br /> & bull. Hög midja snitt <br /> & bull. Kompressions fit <br /> & bull. Inseam:.. 1,0"" <br /> & bull; Maskintvätt / torr </ p>",
WSH08,luma_se_sv,Sybil Löpabyxor,"<P> Lyckligtvis är det okej att se söt när du tränar. Den Sybil ont kombinerar en rolig, färg blockerad konstruktion med tyg ventilerande mesh för sportig-roliga stil. </ P>
<P> & bull; Blå kör shorts med grön midja <br /> & bull. Dragsko-justerbar midja <br /> & bull. 4"" inseam. Maskintvätt / linje torr. </ P>",
WSH09,luma_se_sv,Mimi allrengöringsmedel Shorts,"<P> Du kan köra, cykla eller simma i gör-någonting, vattenresistens Mimi kort. Du behöver inte oroa sig för att gnugga-inducerad ömhet antingen med flatlocksömmar och mjuk, skaver beständigt material. </ P>
<P> & bull; Grå / Seafoam två lager shorts <br /> & bull. Vattenfast konstruktion <br /> & bull. Inre nät kort för andas stöd <br /> & bull. 2,0"" inseam <br /> & bull;.. Reflex för synlighet </ p>",
WSH10,luma_se_sv,Ana Löpabuxor,"<P> Dags att snöra på dig sparkar och slå det personliga bäst i Ana ont. Den är utformad med sidopaneler ventilerande mesh för att hålla dig sval när du behärska miles. </ P>
<P> & bull; Svart / rosa två lager shorts <br /> & bull. Låga elastisk linning <br /> & bull. Avslappnad passform. <br /> & bull; Ultralätt tyg. <br /> & bull; Intern dragsko. <br /> & bull; Maskintvätt / torr. </ P>",
WSH11,luma_se_sv,Ina Kompression shorts,"<P> En av Luma mest populära produkter, har Ina Compression Short du täckt med exceptionell stöd och komfort, oavsett om du kör leden, cykla eller slet ut reps. Ventilations tyg erbjuder kyla lättnad och förhindrar irriterande skav. </ P>
<P> & bull; Royal blue bike shorts <br /> & bull. Komprimering passform. <br /> & bull; Fukttransporterande. <br /> & bull; Anti-mikrobiella. <br /> & bull; Maskintvätt / torr. </ P>",
WSH12,luma_se_sv,Erika Löpabyxor,"<P> En mycket kort med en kropps kramas design är Erika ont perfekt för löpare som föredrar en monteras kort i stället för den traditionella baggy sort. </ P>
<P> & bull; Seafoam mönster kör shorts <br /> & bull. Resår i midjan <br /> & bull. Passar perfekt <br /> & bull. 4 '' inseam <br /> & bull. 76% premie borstad Nylon / 24% Spandex. </ P>",